gene_id	symbol	population	n_private_rare	n_high_rare	n_low_rare	n_total_variants	rare_burden_pct	froh	froh_z
TTN	TTN	GWD	66	0	19	1907	3.46	0.0321	0.669
TTN	TTN	CHS	49	2	12	1907	2.57	0.0171	-0.815
TTN	TTN	PEL	47	1	17	1907	2.46	0.0314	0.594
TTN	TTN	IBS	42	1	9	1907	2.2	0.0205	-0.48
MUC16	MUC16	GWD	41	1	8	1197	3.43	0.0321	0.669
TTN	TTN	YRI	41	2	13	1907	2.15	0.0171	-0.815
TTN	TTN	LWK	40	0	11	1907	2.1	0.0191	-0.618
TTN	TTN	PUR	38	1	12	1907	1.99	0.028	0.264
TTN	TTN	CEU	36	0	12	1907	1.89	0.0169	-0.843
TTN	TTN	PJL	34	1	13	1907	1.78	0.0571	3.145
TTN	TTN	KHV	33	1	8	1907	1.73	0.0189	-0.64
OBSCN	OBSCN	GWD	32	1	10	906	3.53	0.0321	0.669
MUC16	MUC16	CHS	27	0	11	1197	2.26	0.0171	-0.815
TTN	TTN	CLM	27	1	10	1907	1.42	0.0338	0.838
TTN	TTN	ESN	27	0	9	1907	1.42	0.0245	-0.082
TTN	TTN	BEB	26	1	6	1907	1.36	0.0275	0.215
OBSCN	OBSCN	CHS	25	0	9	906	2.76	0.0171	-0.815
HMCN2	HMCN2	GWD	24	2	7	560	4.29	0.0321	0.669
LAMA5	LAMA5	GWD	24	0	7	493	4.87	0.0321	0.669
TTN	TTN	MXL	24	0	7	1907	1.26	0.0255	0.015
SPTBN5	SPTBN5	GWD	23	0	9	381	6.04	0.0321	0.669
MUC16	MUC16	BEB	22	0	3	1197	1.84	0.0275	0.215
MUC16	MUC16	PEL	22	1	5	1197	1.84	0.0314	0.594
MUC16	MUC16	PJL	22	0	10	1197	1.84	0.0571	3.145
OBSCN	OBSCN	MSL	22	0	9	906	2.43	0.0166	-0.873
PKD1	PKD1	CHS	22	0	10	606	3.63	0.0171	-0.815
SETBP1	SETBP1	GWD	22	0	19	483	4.55	0.0321	0.669
SYNE1	SYNE1	CHS	22	0	11	484	4.55	0.0171	-0.815
SYNE1	SYNE1	GWD	22	0	6	484	4.55	0.0321	0.669
AHNAK2	AHNAK2	LWK	20	1	11	1533	1.3	0.0191	-0.618
LOC400499	LOC400499	PJL	20	2	4	526	3.8	0.0571	3.145
STARD9	STARD9	GWD	20	1	8	320	6.25	0.0321	0.669
CDH23	CDH23	GWD	19	0	9	315	6.03	0.0321	0.669
DNAH10	DNAH10	GWD	19	0	8	327	5.81	0.0321	0.669
DST	DST	CHS	19	0	5	422	4.5	0.0171	-0.815
MUC16	MUC16	MXL	19	0	7	1197	1.59	0.0255	0.015
OBSCN	OBSCN	ESN	19	1	5	906	2.1	0.0245	-0.082
OBSCN	OBSCN	PEL	19	2	4	906	2.1	0.0314	0.594
AHNAK2	AHNAK2	PEL	18	0	7	1533	1.17	0.0314	0.594
MUC12	MUC12	CHS	18	0	3	634	2.84	0.0171	-0.815
MUC19	MUC19	GWD	18	5	5	958	1.88	0.0321	0.669
MUC5B	MUC5B	GWD	18	0	10	922	1.95	0.0321	0.669
OBSCN	OBSCN	CEU	18	0	7	906	1.99	0.0169	-0.843
PLEC	PLEC	GWD	18	0	8	672	2.68	0.0321	0.669
TTN	TTN	MSL	18	0	6	1907	0.94	0.0166	-0.873
AHNAK	AHNAK	GWD	17	0	3	521	3.26	0.0321	0.669
AHNAK2	AHNAK2	GWD	17	2	2	1533	1.11	0.0321	0.669
CACNA1H	CACNA1H	GWD	17	2	6	422	4.03	0.0321	0.669
EPPK1	EPPK1	GWD	17	0	7	448	3.79	0.0321	0.669
MUC16	MUC16	IBS	17	1	1	1197	1.42	0.0205	-0.48
OBSCN	OBSCN	IBS	17	0	6	906	1.88	0.0205	-0.48
OBSCN	OBSCN	PJL	17	0	6	906	1.88	0.0571	3.145
PIEZO1	PIEZO1	GWD	17	0	11	388	4.38	0.0321	0.669
PKD1	PKD1	GWD	17	0	9	606	2.81	0.0321	0.669
PKD1	PKD1	PJL	17	0	6	606	2.81	0.0571	3.145
TTN	TTN	STU	17	0	3	1907	0.89	0.0494	2.379
AHNAK2	AHNAK2	ESN	16	0	3	1533	1.04	0.0245	-0.082
FLG	FLG	GWD	16	0	3	783	2.04	0.0321	0.669
LOC400499	LOC400499	GWD	16	2	2	526	3.04	0.0321	0.669
MUC16	MUC16	YRI	16	0	5	1197	1.34	0.0171	-0.815
MUC5AC	MUC5AC	CEU	16	1	5	693	2.31	0.0169	-0.843
MUC5AC	MUC5AC	IBS	16	1	6	693	2.31	0.0205	-0.48
MYO15B	MYO15B	GWD	16	3	4	428	3.74	0.0321	0.669
NEB	NEB	GWD	16	0	4	498	3.21	0.0321	0.669
OBSCN	OBSCN	YRI	16	1	5	906	1.77	0.0171	-0.815
PLEC	PLEC	CHS	16	0	5	672	2.38	0.0171	-0.815
RNF213	RNF213	GWD	16	2	3	415	3.86	0.0321	0.669
TTN	TTN	CDX	16	0	6	1907	0.84	0.0276	0.218
AHNAK2	AHNAK2	CLM	15	0	5	1533	0.98	0.0338	0.838
DNAH17	DNAH17	GWD	15	0	9	524	2.86	0.0321	0.669
HIVEP2	HIVEP2	BEB	15	0	14	394	3.81	0.0275	0.215
HMCN2	HMCN2	LWK	15	0	9	560	2.68	0.0191	-0.618
LAMA5	LAMA5	CHS	15	0	3	493	3.04	0.0171	-0.815
MACF1	MACF1	PEL	15	0	6	388	3.87	0.0314	0.594
MUC16	MUC16	CEU	15	0	5	1197	1.25	0.0169	-0.843
MUC17	MUC17	GWD	15	0	7	668	2.25	0.0321	0.669
PDE1C	PDE1C	CHS	15	2	12	362	4.14	0.0171	-0.815
PLEC	PLEC	CLM	15	0	6	672	2.23	0.0338	0.838
PLEC	PLEC	PJL	15	1	3	672	2.23	0.0571	3.145
PLEC	PLEC	YRI	15	0	7	672	2.23	0.0171	-0.815
RNF213	RNF213	ITU	15	0	6	415	3.61	0.0384	1.295
SYNE1	SYNE1	IBS	15	2	6	484	3.1	0.0205	-0.48
SYNE2	SYNE2	GWD	15	1	8	471	3.18	0.0321	0.669
TRIO	TRIO	YRI	15	0	8	396	3.79	0.0171	-0.815
TTN	TTN	ACB	15	0	4	1907	0.79	0.0154	-0.983
TTN	TTN	JPT	15	0	4	1907	0.79	0.0219	-0.344
AHNAK2	AHNAK2	CEU	14	0	6	1533	0.91	0.0169	-0.843
CHD6	CHD6	GWD	14	0	11	325	4.31	0.0321	0.669
CNTN4	CNTN4	GWD	14	0	13	495	2.83	0.0321	0.669
HMCN2	HMCN2	CHS	14	1	4	560	2.5	0.0171	-0.815
HSPG2	HSPG2	GWD	14	0	8	431	3.25	0.0321	0.669
LOC400499	LOC400499	CHS	14	1	6	526	2.66	0.0171	-0.815
MUC16	MUC16	CLM	14	0	2	1197	1.17	0.0338	0.838
MUC16	MUC16	ESN	14	0	3	1197	1.17	0.0245	-0.082
MUC16	MUC16	PUR	14	1	2	1197	1.17	0.028	0.264
MUC19	MUC19	CEU	14	2	3	958	1.46	0.0169	-0.843
MUC19	MUC19	ESN	14	1	5	958	1.46	0.0245	-0.082
OBSCN	OBSCN	ACB	14	3	5	906	1.55	0.0154	-0.983
PKD1	PKD1	KHV	14	0	4	606	2.31	0.0189	-0.64
PKD1	PKD1	PEL	14	0	5	606	2.31	0.0314	0.594
ADGRV1	ADGRV1	PJL	13	0	1	357	3.64	0.0571	3.145
DNAH1	DNAH1	GWD	13	0	5	318	4.09	0.0321	0.669
DNAH14	DNAH14	KHV	13	9	2	339	3.83	0.0189	-0.64
DST	DST	GWD	13	1	3	422	3.08	0.0321	0.669
FLG	FLG	ACB	13	0	2	783	1.66	0.0154	-0.983
GSE1	GSE1	BEB	13	0	7	432	3.01	0.0275	0.215
GSE1	GSE1	YRI	13	0	6	432	3.01	0.0171	-0.815
HMCN2	HMCN2	PJL	13	0	3	560	2.32	0.0571	3.145
HSPG2	HSPG2	CHS	13	0	3	431	3.02	0.0171	-0.815
MACF1	MACF1	CHS	13	0	5	388	3.35	0.0171	-0.815
MACF1	MACF1	GWD	13	1	5	388	3.35	0.0321	0.669
MACF1	MACF1	YRI	13	0	4	388	3.35	0.0171	-0.815
MUC16	MUC16	LWK	13	0	7	1197	1.09	0.0191	-0.618
MUC16	MUC16	STU	13	0	7	1197	1.09	0.0494	2.379
MUC17	MUC17	YRI	13	0	3	668	1.95	0.0171	-0.815
MUC19	MUC19	BEB	13	3	3	958	1.36	0.0275	0.215
MUC5AC	MUC5AC	GWD	13	1	7	693	1.88	0.0321	0.669
MUC5B	MUC5B	PEL	13	0	4	922	1.41	0.0314	0.594
NEB	NEB	PEL	13	0	4	498	2.61	0.0314	0.594
OBSCN	OBSCN	BEB	13	0	6	906	1.43	0.0275	0.215
PKD1	PKD1	CEU	13	0	6	606	2.15	0.0169	-0.843
PKD1	PKD1	IBS	13	0	5	606	2.15	0.0205	-0.48
PKD1	PKD1	YRI	13	0	4	606	2.15	0.0171	-0.815
PLEC	PLEC	BEB	13	0	7	672	1.93	0.0275	0.215
SYNE1	SYNE1	CEU	13	1	4	484	2.69	0.0169	-0.843
SYNE2	SYNE2	CHS	13	0	3	471	2.76	0.0171	-0.815
SYNE2	SYNE2	MXL	13	1	4	471	2.76	0.0255	0.015
SYNE2	SYNE2	PEL	13	0	7	471	2.76	0.0314	0.594
ABCA13	ABCA13	GWD	12	1	7	344	3.49	0.0321	0.669
CACNA1H	CACNA1H	CHS	12	1	4	422	2.84	0.0171	-0.815
CNTN4	CNTN4	BEB	12	0	12	495	2.42	0.0275	0.215
CNTN4	CNTN4	KHV	12	0	11	495	2.42	0.0189	-0.64
DNAH17	DNAH17	IBS	12	0	3	524	2.29	0.0205	-0.48
DST	DST	IBS	12	1	5	422	2.84	0.0205	-0.48
FCGBP	FCGBP	CHS	12	0	4	454	2.64	0.0171	-0.815
FLG	FLG	CEU	12	2	3	783	1.53	0.0169	-0.843
FLG	FLG	CHS	12	2	4	783	1.53	0.0171	-0.815
HMCN2	HMCN2	CEU	12	1	6	560	2.14	0.0169	-0.843
HMCN2	HMCN2	STU	12	0	4	560	2.14	0.0494	2.379
LAMA5	LAMA5	ESN	12	0	5	493	2.43	0.0245	-0.082
LAMA5	LAMA5	IBS	12	0	5	493	2.43	0.0205	-0.48
MUC12	MUC12	BEB	12	1	5	634	1.89	0.0275	0.215
MUC17	MUC17	CHS	12	0	4	668	1.8	0.0171	-0.815
MUC4	MUC4	LWK	12	0	3	1816	0.66	0.0191	-0.618
MUC4	MUC4	PJL	12	3	6	1816	0.66	0.0571	3.145
MUC5B	MUC5B	PJL	12	0	6	922	1.3	0.0571	3.145
PKD1	PKD1	BEB	12	0	6	606	1.98	0.0275	0.215
RNF213	RNF213	CHS	12	1	3	415	2.89	0.0171	-0.815
RYR1	RYR1	GWD	12	0	6	339	3.54	0.0321	0.669
SETBP1	SETBP1	MXL	12	0	10	483	2.48	0.0255	0.015
SETBP1	SETBP1	PEL	12	0	11	483	2.48	0.0314	0.594
STARD9	STARD9	IBS	12	0	5	320	3.75	0.0205	-0.48
SYNE1	SYNE1	PJL	12	0	3	484	2.48	0.0571	3.145
TRIO	TRIO	GWD	12	0	7	396	3.03	0.0321	0.669
ABCA13	ABCA13	CHS	11	1	3	344	3.2	0.0171	-0.815
AHNAK	AHNAK	MSL	11	0	3	521	2.11	0.0166	-0.873
AHNAK2	AHNAK2	BEB	11	0	8	1533	0.72	0.0275	0.215
AHNAK2	AHNAK2	IBS	11	0	5	1533	0.72	0.0205	-0.48
AHNAK2	AHNAK2	MXL	11	0	4	1533	0.72	0.0255	0.015
AHNAK2	AHNAK2	PUR	11	0	5	1533	0.72	0.028	0.264
CACNA1H	CACNA1H	PJL	11	0	5	422	2.61	0.0571	3.145
CDH23	CDH23	CEU	11	0	6	315	3.49	0.0169	-0.843
CDH23	CDH23	CHS	11	0	4	315	3.49	0.0171	-0.815
CHD6	CHD6	YRI	11	0	9	325	3.38	0.0171	-0.815
CSMD1	CSMD1	GWD	11	0	8	316	3.48	0.0321	0.669
CSMD1	CSMD1	KHV	11	0	2	316	3.48	0.0189	-0.64
DNAH10	DNAH10	CHS	11	0	2	327	3.36	0.0171	-0.815
DNAH14	DNAH14	IBS	11	2	3	339	3.24	0.0205	-0.48
DNAH17	DNAH17	CEU	11	1	6	524	2.1	0.0169	-0.843
DNAH17	DNAH17	CHS	11	0	5	524	2.1	0.0171	-0.815
DNAH17	DNAH17	MXL	11	0	4	524	2.1	0.0255	0.015
DNAH17	DNAH17	PEL	11	0	6	524	2.1	0.0314	0.594
FCGBP	FCGBP	YRI	11	0	5	454	2.42	0.0171	-0.815
FLG	FLG	BEB	11	2	4	783	1.4	0.0275	0.215
FLG	FLG	JPT	11	1	4	783	1.4	0.0219	-0.344
FLG	FLG	PJL	11	2	3	783	1.4	0.0571	3.145
GSE1	GSE1	GWD	11	0	8	432	2.55	0.0321	0.669
HMCN2	HMCN2	BEB	11	1	3	560	1.96	0.0275	0.215
HMCN2	HMCN2	PUR	11	0	5	560	1.96	0.028	0.264
HSPG2	HSPG2	LWK	11	0	6	431	2.55	0.0191	-0.618
HYDIN	HYDIN	YRI	11	0	4	316	3.48	0.0171	-0.815
LOC400499	LOC400499	IBS	11	1	2	526	2.09	0.0205	-0.48
MUC12	MUC12	GWD	11	0	4	634	1.74	0.0321	0.669
MUC16	MUC16	MSL	11	2	4	1197	0.92	0.0166	-0.873
MUC17	MUC17	BEB	11	1	4	668	1.65	0.0275	0.215
MUC19	MUC19	IBS	11	2	4	958	1.15	0.0205	-0.48
MUC19	MUC19	KHV	11	0	7	958	1.15	0.0189	-0.64
MUC19	MUC19	PJL	11	1	1	958	1.15	0.0571	3.145
MUC4	MUC4	GWD	11	0	2	1816	0.61	0.0321	0.669
MUC4	MUC4	STU	11	1	0	1816	0.61	0.0494	2.379
MUC5AC	MUC5AC	CHS	11	1	5	693	1.59	0.0171	-0.815
NEB	NEB	CHS	11	1	3	498	2.21	0.0171	-0.815
OBSCN	OBSCN	GIH	11	0	3	906	1.21	0.0235	-0.186
PDE1C	PDE1C	YRI	11	1	9	362	3.04	0.0171	-0.815
PIEZO1	PIEZO1	IBS	11	0	4	388	2.84	0.0205	-0.48
PIEZO1	PIEZO1	PJL	11	0	3	388	2.84	0.0571	3.145
PKD1	PKD1	MXL	11	0	3	606	1.82	0.0255	0.015
PLEC	PLEC	ASW	11	0	7	672	1.64	0.0161	-0.919
PLEC	PLEC	IBS	11	0	6	672	1.64	0.0205	-0.48
PLEC	PLEC	JPT	11	0	8	672	1.64	0.0219	-0.344
PLEC	PLEC	KHV	11	2	6	672	1.64	0.0189	-0.64
RNF213	RNF213	LWK	11	0	5	415	2.65	0.0191	-0.618
SETBP1	SETBP1	BEB	11	0	9	483	2.28	0.0275	0.215
SETBP1	SETBP1	ESN	11	0	8	483	2.28	0.0245	-0.082
SETBP1	SETBP1	IBS	11	0	9	483	2.28	0.0205	-0.48
SETBP1	SETBP1	YRI	11	0	9	483	2.28	0.0171	-0.815
SPTBN5	SPTBN5	MXL	11	1	3	381	2.89	0.0255	0.015
STARD9	STARD9	BEB	11	0	6	320	3.44	0.0275	0.215
ZNF469	ZNF469	CHS	11	0	3	379	2.9	0.0171	-0.815
ADGRV1	ADGRV1	CEU	10	0	1	357	2.8	0.0169	-0.843
AHNAK	AHNAK	IBS	10	0	3	521	1.92	0.0205	-0.48
CACNA1H	CACNA1H	LWK	10	0	5	422	2.37	0.0191	-0.618
CNTN4	CNTN4	IBS	10	5	5	495	2.02	0.0205	-0.48
CNTN4	CNTN4	LWK	10	0	9	495	2.02	0.0191	-0.618
CNTN4	CNTN4	YRI	10	0	10	495	2.02	0.0171	-0.815
DNAH1	DNAH1	ESN	10	0	6	318	3.14	0.0245	-0.082
DNAH1	DNAH1	PJL	10	0	5	318	3.14	0.0571	3.145
DNAH10	DNAH10	YRI	10	0	4	327	3.06	0.0171	-0.815
DST	DST	CLM	10	0	4	422	2.37	0.0338	0.838
DST	DST	LWK	10	0	3	422	2.37	0.0191	-0.618
DST	DST	PJL	10	0	1	422	2.37	0.0571	3.145
EPPK1	EPPK1	CHS	10	0	3	448	2.23	0.0171	-0.815
EPPK1	EPPK1	IBS	10	0	7	448	2.23	0.0205	-0.48
FCGBP	FCGBP	LWK	10	3	2	454	2.2	0.0191	-0.618
FLG	FLG	YRI	10	0	1	783	1.28	0.0171	-0.815
GSE1	GSE1	ESN	10	0	9	432	2.31	0.0245	-0.082
GSE1	GSE1	PJL	10	0	4	432	2.31	0.0571	3.145
HIVEP2	HIVEP2	ESN	10	0	8	394	2.54	0.0245	-0.082
HIVEP2	HIVEP2	GWD	10	1	8	394	2.54	0.0321	0.669
HMCN2	HMCN2	ESN	10	0	4	560	1.79	0.0245	-0.082
HSPG2	HSPG2	MXL	10	0	3	431	2.32	0.0255	0.015
HSPG2	HSPG2	YRI	10	0	5	431	2.32	0.0171	-0.815
HYDIN	HYDIN	LWK	10	0	6	316	3.16	0.0191	-0.618
HYDIN	HYDIN	PJL	10	0	3	316	3.16	0.0571	3.145
MACF1	MACF1	PJL	10	0	3	388	2.58	0.0571	3.145
MUC12	MUC12	CEU	10	2	1	634	1.58	0.0169	-0.843
MUC12	MUC12	PEL	10	0	4	634	1.58	0.0314	0.594
MUC17	MUC17	CEU	10	1	6	668	1.5	0.0169	-0.843
MUC17	MUC17	IBS	10	1	2	668	1.5	0.0205	-0.48
MUC17	MUC17	KHV	10	1	2	668	1.5	0.0189	-0.64
MUC4	MUC4	CEU	10	0	3	1816	0.55	0.0169	-0.843
MUC4	MUC4	PEL	10	0	4	1816	0.55	0.0314	0.594
MUC4	MUC4	YRI	10	1	3	1816	0.55	0.0171	-0.815
MUC5B	MUC5B	ASW	10	0	3	922	1.08	0.0161	-0.919
MYO15B	MYO15B	MXL	10	0	5	428	2.34	0.0255	0.015
NEB	NEB	YRI	10	0	6	498	2.01	0.0171	-0.815
OBSCN	OBSCN	STU	10	0	3	906	1.1	0.0494	2.379
PKD1	PKD1	ESN	10	0	3	606	1.65	0.0245	-0.082
PLEC	PLEC	PUR	10	0	4	672	1.49	0.028	0.264
RNF213	RNF213	IBS	10	0	6	415	2.41	0.0205	-0.48
SETBP1	SETBP1	CHS	10	0	9	483	2.07	0.0171	-0.815
SPTBN5	SPTBN5	ITU	10	0	3	381	2.62	0.0384	1.295
SPTBN5	SPTBN5	PUR	10	1	3	381	2.62	0.028	0.264
SYNE1	SYNE1	ESN	10	2	3	484	2.07	0.0245	-0.082
SYNE1	SYNE1	KHV	10	1	7	484	2.07	0.0189	-0.64
TRIO	TRIO	BEB	10	0	7	396	2.53	0.0275	0.215
TRIO	TRIO	CHS	10	0	6	396	2.53	0.0171	-0.815
TTN	TTN	GIH	10	0	3	1907	0.52	0.0235	-0.186
ADGRV1	ADGRV1	LWK	9	0	5	357	2.52	0.0191	-0.618
ADGRV1	ADGRV1	PEL	9	0	4	357	2.52	0.0314	0.594
AHNAK	AHNAK	PJL	9	0	4	521	1.73	0.0571	3.145
CACNA1H	CACNA1H	PEL	9	0	3	422	2.13	0.0314	0.594
CDH23	CDH23	BEB	9	0	5	315	2.86	0.0275	0.215
CHD6	CHD6	IBS	9	0	7	325	2.77	0.0205	-0.48
CHD6	CHD6	MXL	9	0	8	325	2.77	0.0255	0.015
CNTN4	CNTN4	CHS	9	0	6	495	1.82	0.0171	-0.815
CNTN4	CNTN4	ESN	9	0	9	495	1.82	0.0245	-0.082
CSMD1	CSMD1	CHS	9	0	6	316	2.85	0.0171	-0.815
CSMD1	CSMD1	PUR	9	0	4	316	2.85	0.028	0.264
DNAH11	DNAH11	CHS	9	0	3	352	2.56	0.0171	-0.815
DNAH14	DNAH14	CEU	9	1	3	339	2.65	0.0169	-0.843
DNAH14	DNAH14	GWD	9	0	3	339	2.65	0.0321	0.669
DNAH17	DNAH17	PJL	9	0	6	524	1.72	0.0571	3.145
EPPK1	EPPK1	CEU	9	0	2	448	2.01	0.0169	-0.843
EPPK1	EPPK1	ESN	9	1	2	448	2.01	0.0245	-0.082
GSE1	GSE1	LWK	9	0	4	432	2.08	0.0191	-0.618
GSE1	GSE1	PEL	9	0	5	432	2.08	0.0314	0.594
HIVEP2	HIVEP2	CLM	9	0	6	394	2.28	0.0338	0.838
HIVEP2	HIVEP2	PJL	9	0	6	394	2.28	0.0571	3.145
HIVEP2	HIVEP2	YRI	9	0	8	394	2.28	0.0171	-0.815
HMCN2	HMCN2	PEL	9	0	3	560	1.61	0.0314	0.594
HSPG2	HSPG2	CEU	9	0	4	431	2.09	0.0169	-0.843
HYDIN	HYDIN	GWD	9	0	2	316	2.85	0.0321	0.669
MACF1	MACF1	CEU	9	0	0	388	2.32	0.0169	-0.843
MACF1	MACF1	IBS	9	1	1	388	2.32	0.0205	-0.48
MUC12	MUC12	YRI	9	0	1	634	1.42	0.0171	-0.815
MUC19	MUC19	ASW	9	1	2	958	0.94	0.0161	-0.919
MUC19	MUC19	CHS	9	0	2	958	0.94	0.0171	-0.815
MUC19	MUC19	JPT	9	2	4	958	0.94	0.0219	-0.344
MUC19	MUC19	YRI	9	4	1	958	0.94	0.0171	-0.815
MUC5AC	MUC5AC	ESN	9	0	4	693	1.3	0.0245	-0.082
MUC5AC	MUC5AC	PEL	9	1	2	693	1.3	0.0314	0.594
MUC5AC	MUC5AC	PJL	9	1	1	693	1.3	0.0571	3.145
MUC5B	MUC5B	BEB	9	0	4	922	0.98	0.0275	0.215
MUC5B	MUC5B	CEU	9	0	4	922	0.98	0.0169	-0.843
MYO15B	MYO15B	YRI	9	0	2	428	2.1	0.0171	-0.815
NEB	NEB	CLM	9	1	2	498	1.81	0.0338	0.838
NEB	NEB	PJL	9	0	3	498	1.81	0.0571	3.145
OBSCN	OBSCN	CLM	9	1	0	906	0.99	0.0338	0.838
OBSCN	OBSCN	JPT	9	1	3	906	0.99	0.0219	-0.344
OBSCN	OBSCN	LWK	9	0	4	906	0.99	0.0191	-0.618
PDE1C	PDE1C	GWD	9	0	8	362	2.49	0.0321	0.669
PDE1C	PDE1C	IBS	9	0	7	362	2.49	0.0205	-0.48
PIEZO1	PIEZO1	PEL	9	0	5	388	2.32	0.0314	0.594
RYR1	RYR1	CEU	9	1	2	339	2.65	0.0169	-0.843
RYR1	RYR1	CHS	9	0	3	339	2.65	0.0171	-0.815
SPTBN5	SPTBN5	IBS	9	1	3	381	2.36	0.0205	-0.48
SYNE1	SYNE1	LWK	9	0	3	484	1.86	0.0191	-0.618
SYNE1	SYNE1	MXL	9	1	4	484	1.86	0.0255	0.015
SYNE2	SYNE2	ACB	9	0	1	471	1.91	0.0154	-0.983
TTN	TTN	ITU	9	0	0	1907	0.47	0.0384	1.295
ZNF469	ZNF469	PEL	9	0	4	379	2.37	0.0314	0.594
ABCA13	ABCA13	LWK	8	0	2	344	2.33	0.0191	-0.618
ABCA13	ABCA13	YRI	8	0	3	344	2.33	0.0171	-0.815
AHNAK	AHNAK	KHV	8	0	1	521	1.54	0.0189	-0.64
AHNAK2	AHNAK2	ACB	8	0	1	1533	0.52	0.0154	-0.983
AHNAK2	AHNAK2	PJL	8	0	4	1533	0.52	0.0571	3.145
AHNAK2	AHNAK2	YRI	8	1	2	1533	0.52	0.0171	-0.815
CDH23	CDH23	MXL	8	0	4	315	2.54	0.0255	0.015
CDH23	CDH23	YRI	8	1	0	315	2.54	0.0171	-0.815
CHD6	CHD6	KHV	8	0	5	325	2.46	0.0189	-0.64
CHD6	CHD6	PEL	8	0	7	325	2.46	0.0314	0.594
CNTN4	CNTN4	PJL	8	0	7	495	1.62	0.0571	3.145
DNAH10	DNAH10	PEL	8	0	3	327	2.45	0.0314	0.594
DNAH10	DNAH10	PUR	8	0	5	327	2.45	0.028	0.264
DNAH11	DNAH11	ESN	8	0	1	352	2.27	0.0245	-0.082
DNAH11	DNAH11	LWK	8	0	3	352	2.27	0.0191	-0.618
DNAH17	DNAH17	JPT	8	0	2	524	1.53	0.0219	-0.344
DNAH17	DNAH17	KHV	8	1	4	524	1.53	0.0189	-0.64
DNAH17	DNAH17	LWK	8	0	5	524	1.53	0.0191	-0.618
DST	DST	CEU	8	0	3	422	1.9	0.0169	-0.843
DST	DST	PEL	8	0	3	422	1.9	0.0314	0.594
DST	DST	YRI	8	0	3	422	1.9	0.0171	-0.815
FCGBP	FCGBP	GWD	8	0	3	454	1.76	0.0321	0.669
FLG	FLG	MXL	8	1	1	783	1.02	0.0255	0.015
FLG	FLG	PUR	8	2	1	783	1.02	0.028	0.264
FLG	FLG	STU	8	1	2	783	1.02	0.0494	2.379
GSE1	GSE1	CEU	8	0	7	432	1.85	0.0169	-0.843
GSE1	GSE1	CHS	8	1	4	432	1.85	0.0171	-0.815
GSE1	GSE1	KHV	8	0	5	432	1.85	0.0189	-0.64
GSE1	GSE1	PUR	8	0	4	432	1.85	0.028	0.264
HIVEP2	HIVEP2	IBS	8	0	6	394	2.03	0.0205	-0.48
HSPG2	HSPG2	IBS	8	0	1	431	1.86	0.0205	-0.48
HSPG2	HSPG2	KHV	8	0	3	431	1.86	0.0189	-0.64
HYDIN	HYDIN	CHS	8	0	3	316	2.53	0.0171	-0.815
HYDIN	HYDIN	CLM	8	1	2	316	2.53	0.0338	0.838
LAMA5	LAMA5	ASW	8	0	5	493	1.62	0.0161	-0.919
LOC400499	LOC400499	LWK	8	0	5	526	1.52	0.0191	-0.618
LOC400499	LOC400499	YRI	8	0	1	526	1.52	0.0171	-0.815
MACF1	MACF1	ESN	8	0	2	388	2.06	0.0245	-0.082
MACF1	MACF1	LWK	8	0	4	388	2.06	0.0191	-0.618
MUC12	MUC12	ASW	8	0	1	634	1.26	0.0161	-0.919
MUC16	MUC16	ACB	8	0	2	1197	0.67	0.0154	-0.983
MUC16	MUC16	GIH	8	0	0	1197	0.67	0.0235	-0.186
MUC16	MUC16	ITU	8	1	2	1197	0.67	0.0384	1.295
MUC16	MUC16	KHV	8	0	1	1197	0.67	0.0189	-0.64
MUC17	MUC17	PUR	8	0	3	668	1.2	0.028	0.264
MUC19	MUC19	PEL	8	1	2	958	0.84	0.0314	0.594
MUC19	MUC19	PUR	8	3	1	958	0.84	0.028	0.264
MUC4	MUC4	JPT	8	2	1	1816	0.44	0.0219	-0.344
MUC5AC	MUC5AC	CLM	8	0	3	693	1.15	0.0338	0.838
MUC5AC	MUC5AC	MXL	8	1	3	693	1.15	0.0255	0.015
MUC5AC	MUC5AC	STU	8	0	5	693	1.15	0.0494	2.379
MUC5B	MUC5B	CHS	8	0	4	922	0.87	0.0171	-0.815
MUC5B	MUC5B	ESN	8	0	3	922	0.87	0.0245	-0.082
MUC5B	MUC5B	IBS	8	0	2	922	0.87	0.0205	-0.48
MUC5B	MUC5B	KHV	8	0	1	922	0.87	0.0189	-0.64
MUC5B	MUC5B	LWK	8	0	4	922	0.87	0.0191	-0.618
MUC5B	MUC5B	PUR	8	2	1	922	0.87	0.028	0.264
MYO15B	MYO15B	PUR	8	0	2	428	1.87	0.028	0.264
OBSCN	OBSCN	MXL	8	1	1	906	0.88	0.0255	0.015
OBSCN	OBSCN	PUR	8	0	3	906	0.88	0.028	0.264
PDE1C	PDE1C	ESN	8	0	7	362	2.21	0.0245	-0.082
PIEZO1	PIEZO1	CHS	8	0	2	388	2.06	0.0171	-0.815
PIEZO1	PIEZO1	YRI	8	1	4	388	2.06	0.0171	-0.815
PKD1	PKD1	LWK	8	0	5	606	1.32	0.0191	-0.618
PLEC	PLEC	CEU	8	0	6	672	1.19	0.0169	-0.843
PLEC	PLEC	LWK	8	0	5	672	1.19	0.0191	-0.618
RNF213	RNF213	PEL	8	0	5	415	1.93	0.0314	0.594
RYR1	RYR1	PEL	8	0	3	339	2.36	0.0314	0.594
SETBP1	SETBP1	CEU	8	0	8	483	1.66	0.0169	-0.843
SETBP1	SETBP1	PJL	8	0	6	483	1.66	0.0571	3.145
SPTBN5	SPTBN5	BEB	8	0	4	381	2.1	0.0275	0.215
SPTBN5	SPTBN5	CLM	8	0	2	381	2.1	0.0338	0.838
SPTBN5	SPTBN5	PEL	8	1	3	381	2.1	0.0314	0.594
STARD9	STARD9	LWK	8	1	3	320	2.5	0.0191	-0.618
SYNE1	SYNE1	CLM	8	0	4	484	1.65	0.0338	0.838
SYNE1	SYNE1	YRI	8	0	2	484	1.65	0.0171	-0.815
SYNE2	SYNE2	PJL	8	0	3	471	1.7	0.0571	3.145
SYNE2	SYNE2	PUR	8	1	2	471	1.7	0.028	0.264
TRIO	TRIO	CLM	8	0	8	396	2.02	0.0338	0.838
ZNF469	ZNF469	MXL	8	0	4	379	2.11	0.0255	0.015
ABCA13	ABCA13	ESN	7	0	1	344	2.03	0.0245	-0.082
ADGRV1	ADGRV1	CHS	7	0	3	357	1.96	0.0171	-0.815
ADGRV1	ADGRV1	GWD	7	0	3	357	1.96	0.0321	0.669
ADGRV1	ADGRV1	IBS	7	0	2	357	1.96	0.0205	-0.48
AHNAK	AHNAK	YRI	7	0	1	521	1.34	0.0171	-0.815
AHNAK2	AHNAK2	KHV	7	0	2	1533	0.46	0.0189	-0.64
AHNAK2	AHNAK2	MSL	7	0	1	1533	0.46	0.0166	-0.873
CDH23	CDH23	CLM	7	0	2	315	2.22	0.0338	0.838
CHD6	CHD6	CHS	7	0	5	325	2.15	0.0171	-0.815
CNTN4	CNTN4	ACB	7	0	5	495	1.41	0.0154	-0.983
DNAH1	DNAH1	CHS	7	0	2	318	2.2	0.0171	-0.815
DNAH1	DNAH1	PUR	7	2	2	318	2.2	0.028	0.264
DNAH1	DNAH1	STU	7	0	4	318	2.2	0.0494	2.379
DNAH10	DNAH10	CEU	7	0	2	327	2.14	0.0169	-0.843
DNAH10	DNAH10	IBS	7	0	3	327	2.14	0.0205	-0.48
DNAH10	DNAH10	STU	7	0	4	327	2.14	0.0494	2.379
DNAH11	DNAH11	PUR	7	0	3	352	1.99	0.028	0.264
DNAH17	DNAH17	ACB	7	0	2	524	1.34	0.0154	-0.983
DNAH17	DNAH17	MSL	7	0	3	524	1.34	0.0166	-0.873
DNAH17	DNAH17	PUR	7	1	4	524	1.34	0.028	0.264
DST	DST	ESN	7	0	1	422	1.66	0.0245	-0.082
DST	DST	KHV	7	0	0	422	1.66	0.0189	-0.64
DST	DST	PUR	7	0	2	422	1.66	0.028	0.264
EPPK1	EPPK1	PJL	7	0	0	448	1.56	0.0571	3.145
FCGBP	FCGBP	IBS	7	0	1	454	1.54	0.0205	-0.48
FCGBP	FCGBP	PJL	7	0	5	454	1.54	0.0571	3.145
FCGBP	FCGBP	PUR	7	0	3	454	1.54	0.028	0.264
FLG	FLG	ESN	7	0	6	783	0.89	0.0245	-0.082
FLG	FLG	GIH	7	2	0	783	0.89	0.0235	-0.186
FLG	FLG	IBS	7	1	3	783	0.89	0.0205	-0.48
FLG	FLG	KHV	7	0	1	783	0.89	0.0189	-0.64
HMCN2	HMCN2	ACB	7	0	1	560	1.25	0.0154	-0.983
HMCN2	HMCN2	IBS	7	0	3	560	1.25	0.0205	-0.48
HSPG2	HSPG2	PEL	7	0	4	431	1.62	0.0314	0.594
HYDIN	HYDIN	KHV	7	0	4	316	2.22	0.0189	-0.64
HYDIN	HYDIN	MXL	7	0	3	316	2.22	0.0255	0.015
LAMA5	LAMA5	CLM	7	0	2	493	1.42	0.0338	0.838
LOC400499	LOC400499	PEL	7	1	1	526	1.33	0.0314	0.594
MACF1	MACF1	ACB	7	2	3	388	1.8	0.0154	-0.983
MACF1	MACF1	PUR	7	0	3	388	1.8	0.028	0.264
MUC12	MUC12	IBS	7	0	0	634	1.1	0.0205	-0.48
MUC16	MUC16	JPT	7	0	2	1197	0.58	0.0219	-0.344
MUC17	MUC17	PEL	7	0	2	668	1.05	0.0314	0.594
MUC17	MUC17	STU	7	0	0	668	1.05	0.0494	2.379
MUC19	MUC19	CDX	7	1	1	958	0.73	0.0276	0.218
MUC4	MUC4	CHS	7	0	3	1816	0.39	0.0171	-0.815
MUC4	MUC4	KHV	7	0	1	1816	0.39	0.0189	-0.64
MUC5B	MUC5B	YRI	7	0	3	922	0.76	0.0171	-0.815
MYO15B	MYO15B	CEU	7	0	3	428	1.64	0.0169	-0.843
MYO15B	MYO15B	IBS	7	0	0	428	1.64	0.0205	-0.48
NEB	NEB	BEB	7	0	3	498	1.41	0.0275	0.215
NEB	NEB	IBS	7	1	2	498	1.41	0.0205	-0.48
NEB	NEB	KHV	7	0	5	498	1.41	0.0189	-0.64
PIEZO1	PIEZO1	CEU	7	0	1	388	1.8	0.0169	-0.843
PKD1	PKD1	PUR	7	0	5	606	1.16	0.028	0.264
PKD1	PKD1	STU	7	0	4	606	1.16	0.0494	2.379
PLEC	PLEC	PEL	7	0	4	672	1.04	0.0314	0.594
RYR1	RYR1	BEB	7	0	2	339	2.06	0.0275	0.215
RYR1	RYR1	KHV	7	0	5	339	2.06	0.0189	-0.64
RYR1	RYR1	PJL	7	0	4	339	2.06	0.0571	3.145
SETBP1	SETBP1	PUR	7	0	7	483	1.45	0.028	0.264
SPTBN5	SPTBN5	PJL	7	1	2	381	1.84	0.0571	3.145
SPTBN5	SPTBN5	YRI	7	2	4	381	1.84	0.0171	-0.815
STARD9	STARD9	CHS	7	0	3	320	2.19	0.0171	-0.815
STARD9	STARD9	MXL	7	0	1	320	2.19	0.0255	0.015
SYNE2	SYNE2	BEB	7	0	2	471	1.49	0.0275	0.215
SYNE2	SYNE2	CLM	7	0	2	471	1.49	0.0338	0.838
TRIO	TRIO	IBS	7	1	4	396	1.77	0.0205	-0.48
TRIO	TRIO	PJL	7	0	6	396	1.77	0.0571	3.145
TTN	TTN	CHB	7	1	2	1907	0.37	0.0172	-0.814
ZNF469	ZNF469	ACB	7	0	4	379	1.85	0.0154	-0.983
ZNF469	ZNF469	CEU	7	0	0	379	1.85	0.0169	-0.843
ZNF469	ZNF469	GWD	7	0	1	379	1.85	0.0321	0.669
ZNF469	ZNF469	IBS	7	0	3	379	1.85	0.0205	-0.48
ABCA13	ABCA13	IBS	6	0	1	344	1.74	0.0205	-0.48
ABCA13	ABCA13	PUR	6	1	3	344	1.74	0.028	0.264
ADGRV1	ADGRV1	CLM	6	0	3	357	1.68	0.0338	0.838
AHNAK	AHNAK	ACB	6	0	1	521	1.15	0.0154	-0.983
AHNAK	AHNAK	ESN	6	0	2	521	1.15	0.0245	-0.082
AHNAK2	AHNAK2	ASW	6	0	3	1533	0.39	0.0161	-0.919
AHNAK2	AHNAK2	CHS	6	0	2	1533	0.39	0.0171	-0.815
CACNA1H	CACNA1H	ESN	6	0	3	422	1.42	0.0245	-0.082
CACNA1H	CACNA1H	IBS	6	0	1	422	1.42	0.0205	-0.48
CACNA1H	CACNA1H	MSL	6	0	3	422	1.42	0.0166	-0.873
CACNA1H	CACNA1H	PUR	6	0	2	422	1.42	0.028	0.264
CACNA1H	CACNA1H	YRI	6	0	4	422	1.42	0.0171	-0.815
CDH23	CDH23	PEL	6	0	1	315	1.9	0.0314	0.594
CHD6	CHD6	BEB	6	0	4	325	1.85	0.0275	0.215
CHD6	CHD6	CLM	6	0	6	325	1.85	0.0338	0.838
CHD6	CHD6	PJL	6	0	6	325	1.85	0.0571	3.145
CSMD1	CSMD1	CEU	6	0	5	316	1.9	0.0169	-0.843
CSMD1	CSMD1	PEL	6	0	2	316	1.9	0.0314	0.594
DNAH1	DNAH1	ACB	6	0	3	318	1.89	0.0154	-0.983
DNAH1	DNAH1	BEB	6	0	1	318	1.89	0.0275	0.215
DNAH1	DNAH1	MXL	6	0	4	318	1.89	0.0255	0.015
DNAH1	DNAH1	PEL	6	0	3	318	1.89	0.0314	0.594
DNAH1	DNAH1	YRI	6	0	5	318	1.89	0.0171	-0.815
DNAH10	DNAH10	PJL	6	0	1	327	1.83	0.0571	3.145
DNAH11	DNAH11	ASW	6	0	1	352	1.7	0.0161	-0.919
DNAH11	DNAH11	CDX	6	0	1	352	1.7	0.0276	0.218
DNAH11	DNAH11	CEU	6	0	3	352	1.7	0.0169	-0.843
DNAH11	DNAH11	GWD	6	0	2	352	1.7	0.0321	0.669
DNAH11	DNAH11	IBS	6	0	3	352	1.7	0.0205	-0.48
DNAH11	DNAH11	PJL	6	0	3	352	1.7	0.0571	3.145
DNAH11	DNAH11	YRI	6	0	2	352	1.7	0.0171	-0.815
DNAH14	DNAH14	JPT	6	1	2	339	1.77	0.0219	-0.344
DNAH14	DNAH14	PEL	6	0	2	339	1.77	0.0314	0.594
DNAH17	DNAH17	CLM	6	0	4	524	1.15	0.0338	0.838
DNAH17	DNAH17	ESN	6	0	3	524	1.15	0.0245	-0.082
DST	DST	MXL	6	0	2	422	1.42	0.0255	0.015
EPPK1	EPPK1	ACB	6	0	2	448	1.34	0.0154	-0.983
EPPK1	EPPK1	BEB	6	0	1	448	1.34	0.0275	0.215
EPPK1	EPPK1	MSL	6	1	3	448	1.34	0.0166	-0.873
EPPK1	EPPK1	PUR	6	1	2	448	1.34	0.028	0.264
FCGBP	FCGBP	ESN	6	0	2	454	1.32	0.0245	-0.082
FCGBP	FCGBP	MXL	6	0	2	454	1.32	0.0255	0.015
FCGBP	FCGBP	PEL	6	0	2	454	1.32	0.0314	0.594
GSE1	GSE1	CLM	6	0	6	432	1.39	0.0338	0.838
GSE1	GSE1	IBS	6	0	3	432	1.39	0.0205	-0.48
GSE1	GSE1	ITU	6	0	5	432	1.39	0.0384	1.295
GSE1	GSE1	JPT	6	1	3	432	1.39	0.0219	-0.344
GSE1	GSE1	MXL	6	0	5	432	1.39	0.0255	0.015
HIVEP2	HIVEP2	CHS	6	0	5	394	1.52	0.0171	-0.815
HIVEP2	HIVEP2	KHV	6	0	5	394	1.52	0.0189	-0.64
HIVEP2	HIVEP2	MXL	6	0	5	394	1.52	0.0255	0.015
HIVEP2	HIVEP2	PEL	6	0	4	394	1.52	0.0314	0.594
HMCN2	HMCN2	KHV	6	0	3	560	1.07	0.0189	-0.64
HMCN2	HMCN2	YRI	6	0	2	560	1.07	0.0171	-0.815
HSPG2	HSPG2	CLM	6	0	2	431	1.39	0.0338	0.838
HYDIN	HYDIN	CEU	6	0	2	316	1.9	0.0169	-0.843
LAMA5	LAMA5	BEB	6	0	6	493	1.22	0.0275	0.215
LAMA5	LAMA5	CEU	6	0	1	493	1.22	0.0169	-0.843
LAMA5	LAMA5	KHV	6	0	1	493	1.22	0.0189	-0.64
LAMA5	LAMA5	PUR	6	0	4	493	1.22	0.028	0.264
LOC400499	LOC400499	BEB	6	0	1	526	1.14	0.0275	0.215
LOC400499	LOC400499	JPT	6	0	4	526	1.14	0.0219	-0.344
LOC400499	LOC400499	KHV	6	1	2	526	1.14	0.0189	-0.64
LOC400499	LOC400499	MXL	6	1	2	526	1.14	0.0255	0.015
LOC400499	LOC400499	PUR	6	0	2	526	1.14	0.028	0.264
LOC400499	LOC400499	STU	6	0	1	526	1.14	0.0494	2.379
MACF1	MACF1	BEB	6	0	1	388	1.55	0.0275	0.215
MACF1	MACF1	MXL	6	0	1	388	1.55	0.0255	0.015
MUC16	MUC16	ASW	6	0	2	1197	0.5	0.0161	-0.919
MUC16	MUC16	FIN	6	0	1	1197	0.5	0.0234	-0.193
MUC17	MUC17	CDX	6	0	1	668	0.9	0.0276	0.218
MUC19	MUC19	ACB	6	1	0	958	0.63	0.0154	-0.983
MUC19	MUC19	CLM	6	0	2	958	0.63	0.0338	0.838
MUC19	MUC19	ITU	6	0	4	958	0.63	0.0384	1.295
MUC19	MUC19	STU	6	1	1	958	0.63	0.0494	2.379
MUC5AC	MUC5AC	BEB	6	0	2	693	0.87	0.0275	0.215
MUC5AC	MUC5AC	KHV	6	0	2	693	0.87	0.0189	-0.64
MUC5B	MUC5B	ACB	6	0	4	922	0.65	0.0154	-0.983
MUC5B	MUC5B	CLM	6	1	0	922	0.65	0.0338	0.838
MYO15B	MYO15B	CHS	6	2	2	428	1.4	0.0171	-0.815
MYO15B	MYO15B	CLM	6	0	2	428	1.4	0.0338	0.838
MYO15B	MYO15B	ESN	6	1	2	428	1.4	0.0245	-0.082
MYO15B	MYO15B	KHV	6	0	2	428	1.4	0.0189	-0.64
NEB	NEB	ESN	6	0	1	498	1.2	0.0245	-0.082
NEB	NEB	FIN	6	1	0	498	1.2	0.0234	-0.193
NEB	NEB	JPT	6	0	3	498	1.2	0.0219	-0.344
NEB	NEB	MXL	6	0	1	498	1.2	0.0255	0.015
NEB	NEB	STU	6	0	3	498	1.2	0.0494	2.379
OBSCN	OBSCN	CDX	6	0	3	906	0.66	0.0276	0.218
OBSCN	OBSCN	KHV	6	0	3	906	0.66	0.0189	-0.64
PDE1C	PDE1C	CEU	6	0	6	362	1.66	0.0169	-0.843
PDE1C	PDE1C	PUR	6	0	5	362	1.66	0.028	0.264
PDE1C	PDE1C	STU	6	0	6	362	1.66	0.0494	2.379
PIEZO1	PIEZO1	ACB	6	0	2	388	1.55	0.0154	-0.983
PIEZO1	PIEZO1	PUR	6	0	3	388	1.55	0.028	0.264
PKD1	PKD1	ACB	6	0	4	606	0.99	0.0154	-0.983
PKD1	PKD1	JPT	6	0	3	606	0.99	0.0219	-0.344
PLEC	PLEC	ACB	6	0	3	672	0.89	0.0154	-0.983
PLEC	PLEC	STU	6	0	1	672	0.89	0.0494	2.379
RYR1	RYR1	CLM	6	0	4	339	1.77	0.0338	0.838
RYR1	RYR1	YRI	6	1	2	339	1.77	0.0171	-0.815
SPTBN5	SPTBN5	ASW	6	0	2	381	1.57	0.0161	-0.919
SPTBN5	SPTBN5	CHS	6	0	2	381	1.57	0.0171	-0.815
STARD9	STARD9	ACB	6	1	3	320	1.88	0.0154	-0.983
SYNE2	SYNE2	ESN	6	0	4	471	1.27	0.0245	-0.082
SYNE2	SYNE2	LWK	6	0	2	471	1.27	0.0191	-0.618
TRIO	TRIO	ASW	6	0	5	396	1.52	0.0161	-0.919
TRIO	TRIO	ESN	6	0	5	396	1.52	0.0245	-0.082
TRIO	TRIO	MXL	6	0	5	396	1.52	0.0255	0.015
TTN	TTN	ASW	6	0	2	1907	0.31	0.0161	-0.919
ZNF469	ZNF469	KHV	6	0	2	379	1.58	0.0189	-0.64
ZNF469	ZNF469	LWK	6	0	2	379	1.58	0.0191	-0.618
ZNF469	ZNF469	MSL	6	0	3	379	1.58	0.0166	-0.873
ZNF469	ZNF469	YRI	6	1	1	379	1.58	0.0171	-0.815
ABCA13	ABCA13	BEB	5	1	1	344	1.45	0.0275	0.215
ABCA13	ABCA13	CEU	5	0	1	344	1.45	0.0169	-0.843
ABCA13	ABCA13	STU	5	1	2	344	1.45	0.0494	2.379
ADGRV1	ADGRV1	JPT	5	0	1	357	1.4	0.0219	-0.344
ADGRV1	ADGRV1	MSL	5	1	2	357	1.4	0.0166	-0.873
AHNAK	AHNAK	CLM	5	0	2	521	0.96	0.0338	0.838
AHNAK	AHNAK	MXL	5	0	1	521	0.96	0.0255	0.015
AHNAK	AHNAK	PEL	5	0	1	521	0.96	0.0314	0.594
AHNAK2	AHNAK2	JPT	5	2	0	1533	0.33	0.0219	-0.344
AHNAK2	AHNAK2	STU	5	0	2	1533	0.33	0.0494	2.379
AHNAK2	AHNAK2	TSI	5	0	1	1533	0.33	0.0181	-0.723
CACNA1H	CACNA1H	BEB	5	0	2	422	1.18	0.0275	0.215
CACNA1H	CACNA1H	CEU	5	0	2	422	1.18	0.0169	-0.843
CACNA1H	CACNA1H	JPT	5	0	1	422	1.18	0.0219	-0.344
CACNA1H	CACNA1H	KHV	5	1	3	422	1.18	0.0189	-0.64
CDH23	CDH23	IBS	5	0	1	315	1.59	0.0205	-0.48
CDH23	CDH23	PUR	5	0	1	315	1.59	0.028	0.264
CNTN4	CNTN4	CLM	5	0	5	495	1.01	0.0338	0.838
CNTN4	CNTN4	PEL	5	0	5	495	1.01	0.0314	0.594
CSMD1	CSMD1	ESN	5	0	3	316	1.58	0.0245	-0.082
CSMD1	CSMD1	IBS	5	1	1	316	1.58	0.0205	-0.48
CSMD1	CSMD1	MSL	5	0	3	316	1.58	0.0166	-0.873
CSMD1	CSMD1	MXL	5	0	4	316	1.58	0.0255	0.015
DNAH1	DNAH1	ASW	5	0	2	318	1.57	0.0161	-0.919
DNAH1	DNAH1	IBS	5	0	0	318	1.57	0.0205	-0.48
DNAH1	DNAH1	LWK	5	0	2	318	1.57	0.0191	-0.618
DNAH10	DNAH10	MXL	5	0	3	327	1.53	0.0255	0.015
DNAH11	DNAH11	PEL	5	0	2	352	1.42	0.0314	0.594
DNAH14	DNAH14	ACB	5	3	1	339	1.47	0.0154	-0.983
DNAH14	DNAH14	YRI	5	0	2	339	1.47	0.0171	-0.815
EPPK1	EPPK1	CLM	5	0	2	448	1.12	0.0338	0.838
EPPK1	EPPK1	LWK	5	0	2	448	1.12	0.0191	-0.618
FCGBP	FCGBP	CEU	5	0	4	454	1.1	0.0169	-0.843
FCGBP	FCGBP	JPT	5	0	2	454	1.1	0.0219	-0.344
FCGBP	FCGBP	MSL	5	0	1	454	1.1	0.0166	-0.873
FCGBP	FCGBP	STU	5	0	3	454	1.1	0.0494	2.379
FLG	FLG	ASW	5	0	3	783	0.64	0.0161	-0.919
FLG	FLG	CLM	5	2	0	783	0.64	0.0338	0.838
FLG	FLG	MSL	5	2	1	783	0.64	0.0166	-0.873
FLG	FLG	PEL	5	0	2	783	0.64	0.0314	0.594
HIVEP2	HIVEP2	ACB	5	0	5	394	1.27	0.0154	-0.983
HIVEP2	HIVEP2	CEU	5	0	2	394	1.27	0.0169	-0.843
HMCN2	HMCN2	ASW	5	0	1	560	0.89	0.0161	-0.919
HMCN2	HMCN2	GIH	5	0	4	560	0.89	0.0235	-0.186
HSPG2	HSPG2	ESN	5	0	3	431	1.16	0.0245	-0.082
HSPG2	HSPG2	JPT	5	0	3	431	1.16	0.0219	-0.344
HSPG2	HSPG2	PJL	5	0	2	431	1.16	0.0571	3.145
HSPG2	HSPG2	PUR	5	0	2	431	1.16	0.028	0.264
HYDIN	HYDIN	BEB	5	0	4	316	1.58	0.0275	0.215
HYDIN	HYDIN	PUR	5	0	2	316	1.58	0.028	0.264
LAMA5	LAMA5	PEL	5	0	2	493	1.01	0.0314	0.594
LOC400499	LOC400499	ASW	5	0	2	526	0.95	0.0161	-0.919
LOC400499	LOC400499	CEU	5	0	1	526	0.95	0.0169	-0.843
LOC400499	LOC400499	CLM	5	0	3	526	0.95	0.0338	0.838
LOC400499	LOC400499	ESN	5	0	2	526	0.95	0.0245	-0.082
LOC400499	LOC400499	MSL	5	1	1	526	0.95	0.0166	-0.873
MACF1	MACF1	KHV	5	0	2	388	1.29	0.0189	-0.64
MUC12	MUC12	CLM	5	0	1	634	0.79	0.0338	0.838
MUC12	MUC12	KHV	5	0	1	634	0.79	0.0189	-0.64
MUC12	MUC12	MSL	5	0	0	634	0.79	0.0166	-0.873
MUC12	MUC12	PJL	5	0	2	634	0.79	0.0571	3.145
MUC17	MUC17	MSL	5	0	2	668	0.75	0.0166	-0.873
MUC17	MUC17	PJL	5	0	1	668	0.75	0.0571	3.145
MUC4	MUC4	ACB	5	0	1	1816	0.28	0.0154	-0.983
MUC4	MUC4	CLM	5	0	2	1816	0.28	0.0338	0.838
MUC4	MUC4	ESN	5	0	0	1816	0.28	0.0245	-0.082
MUC4	MUC4	PUR	5	0	2	1816	0.28	0.028	0.264
MUC5AC	MUC5AC	FIN	5	0	1	693	0.72	0.0234	-0.193
MUC5AC	MUC5AC	MSL	5	0	3	693	0.72	0.0166	-0.873
MUC5AC	MUC5AC	YRI	5	0	1	693	0.72	0.0171	-0.815
MUC5B	MUC5B	GIH	5	0	4	922	0.54	0.0235	-0.186
MYO15B	MYO15B	ACB	5	0	2	428	1.17	0.0154	-0.983
MYO15B	MYO15B	JPT	5	0	2	428	1.17	0.0219	-0.344
MYO15B	MYO15B	LWK	5	0	1	428	1.17	0.0191	-0.618
MYO15B	MYO15B	PEL	5	0	2	428	1.17	0.0314	0.594
MYO15B	MYO15B	TSI	5	0	3	428	1.17	0.0181	-0.723
NEB	NEB	PUR	5	0	1	498	1.0	0.028	0.264
PDE1C	PDE1C	BEB	5	0	5	362	1.38	0.0275	0.215
PIEZO1	PIEZO1	BEB	5	1	3	388	1.29	0.0275	0.215
PIEZO1	PIEZO1	KHV	5	0	4	388	1.29	0.0189	-0.64
PKD1	PKD1	FIN	5	0	2	606	0.83	0.0234	-0.193
PKD1	PKD1	GIH	5	0	2	606	0.83	0.0235	-0.186
PKD1	PKD1	MSL	5	0	1	606	0.83	0.0166	-0.873
PLEC	PLEC	ITU	5	0	1	672	0.74	0.0384	1.295
RNF213	RNF213	CLM	5	0	3	415	1.2	0.0338	0.838
RNF213	RNF213	PJL	5	0	4	415	1.2	0.0571	3.145
RNF213	RNF213	YRI	5	0	2	415	1.2	0.0171	-0.815
RYR1	RYR1	GIH	5	0	3	339	1.47	0.0235	-0.186
RYR1	RYR1	MXL	5	0	2	339	1.47	0.0255	0.015
SETBP1	SETBP1	CLM	5	0	3	483	1.04	0.0338	0.838
SETBP1	SETBP1	LWK	5	0	5	483	1.04	0.0191	-0.618
SPTBN5	SPTBN5	ESN	5	0	3	381	1.31	0.0245	-0.082
SPTBN5	SPTBN5	STU	5	1	2	381	1.31	0.0494	2.379
STARD9	STARD9	CLM	5	0	0	320	1.56	0.0338	0.838
STARD9	STARD9	PEL	5	0	2	320	1.56	0.0314	0.594
STARD9	STARD9	PUR	5	0	2	320	1.56	0.028	0.264
STARD9	STARD9	STU	5	0	1	320	1.56	0.0494	2.379
SYNE1	SYNE1	STU	5	0	1	484	1.03	0.0494	2.379
SYNE2	SYNE2	JPT	5	0	1	471	1.06	0.0219	-0.344
SYNE2	SYNE2	KHV	5	0	3	471	1.06	0.0189	-0.64
SYNE2	SYNE2	MSL	5	0	2	471	1.06	0.0166	-0.873
TRIO	TRIO	CDX	5	0	5	396	1.26	0.0276	0.218
TRIO	TRIO	LWK	5	0	4	396	1.26	0.0191	-0.618
TTN	TTN	FIN	5	0	0	1907	0.26	0.0234	-0.193
ZNF469	ZNF469	PUR	5	0	1	379	1.32	0.028	0.264
ABCA13	ABCA13	ACB	4	0	4	344	1.16	0.0154	-0.983
ABCA13	ABCA13	ASW	4	0	3	344	1.16	0.0161	-0.919
ABCA13	ABCA13	GIH	4	0	1	344	1.16	0.0235	-0.186
ABCA13	ABCA13	MSL	4	1	1	344	1.16	0.0166	-0.873
ADGRV1	ADGRV1	BEB	4	0	0	357	1.12	0.0275	0.215
ADGRV1	ADGRV1	KHV	4	0	1	357	1.12	0.0189	-0.64
ADGRV1	ADGRV1	MXL	4	0	1	357	1.12	0.0255	0.015
AHNAK	AHNAK	BEB	4	0	2	521	0.77	0.0275	0.215
AHNAK	AHNAK	CHS	4	0	0	521	0.77	0.0171	-0.815
AHNAK	AHNAK	LWK	4	0	1	521	0.77	0.0191	-0.618
CACNA1H	CACNA1H	ACB	4	0	3	422	0.95	0.0154	-0.983
CACNA1H	CACNA1H	CLM	4	0	2	422	0.95	0.0338	0.838
CACNA1H	CACNA1H	STU	4	0	2	422	0.95	0.0494	2.379
CDH23	CDH23	ACB	4	0	0	315	1.27	0.0154	-0.983
CDH23	CDH23	LWK	4	0	3	315	1.27	0.0191	-0.618
CHD6	CHD6	CEU	4	0	4	325	1.23	0.0169	-0.843
CHD6	CHD6	JPT	4	0	4	325	1.23	0.0219	-0.344
CHD6	CHD6	MSL	4	0	4	325	1.23	0.0166	-0.873
CNTN4	CNTN4	CEU	4	0	4	495	0.81	0.0169	-0.843
CSMD1	CSMD1	CLM	4	0	2	316	1.27	0.0338	0.838
CSMD1	CSMD1	JPT	4	0	2	316	1.27	0.0219	-0.344
CSMD1	CSMD1	LWK	4	0	4	316	1.27	0.0191	-0.618
CSMD1	CSMD1	PJL	4	0	3	316	1.27	0.0571	3.145
CSMD1	CSMD1	STU	4	0	2	316	1.27	0.0494	2.379
CSMD1	CSMD1	YRI	4	0	2	316	1.27	0.0171	-0.815
DNAH1	DNAH1	KHV	4	0	2	318	1.26	0.0189	-0.64
DNAH10	DNAH10	ASW	4	0	1	327	1.22	0.0161	-0.919
DNAH10	DNAH10	KHV	4	0	1	327	1.22	0.0189	-0.64
DNAH11	DNAH11	GIH	4	0	2	352	1.14	0.0235	-0.186
DNAH11	DNAH11	JPT	4	0	2	352	1.14	0.0219	-0.344
DNAH11	DNAH11	KHV	4	0	1	352	1.14	0.0189	-0.64
DNAH14	DNAH14	BEB	4	1	0	339	1.18	0.0275	0.215
DNAH14	DNAH14	CHB	4	0	1	339	1.18	0.0172	-0.814
DNAH14	DNAH14	CHS	4	0	1	339	1.18	0.0171	-0.815
DNAH14	DNAH14	CLM	4	1	0	339	1.18	0.0338	0.838
DNAH14	DNAH14	MSL	4	1	1	339	1.18	0.0166	-0.873
DNAH14	DNAH14	MXL	4	0	1	339	1.18	0.0255	0.015
DNAH14	DNAH14	PJL	4	3	0	339	1.18	0.0571	3.145
DNAH17	DNAH17	BEB	4	0	1	524	0.76	0.0275	0.215
DNAH17	DNAH17	STU	4	0	2	524	0.76	0.0494	2.379
DNAH17	DNAH17	YRI	4	0	1	524	0.76	0.0171	-0.815
DST	DST	STU	4	0	2	422	0.95	0.0494	2.379
DST	DST	TSI	4	0	0	422	0.95	0.0181	-0.723
FCGBP	FCGBP	GIH	4	0	1	454	0.88	0.0235	-0.186
FLG	FLG	CDX	4	0	2	783	0.51	0.0276	0.218
GSE1	GSE1	ACB	4	0	2	432	0.93	0.0154	-0.983
HIVEP2	HIVEP2	LWK	4	0	4	394	1.02	0.0191	-0.618
HIVEP2	HIVEP2	MSL	4	0	2	394	1.02	0.0166	-0.873
HIVEP2	HIVEP2	PUR	4	0	4	394	1.02	0.028	0.264
HMCN2	HMCN2	MXL	4	0	3	560	0.71	0.0255	0.015
HSPG2	HSPG2	ASW	4	0	0	431	0.93	0.0161	-0.919
HSPG2	HSPG2	BEB	4	0	3	431	0.93	0.0275	0.215
HYDIN	HYDIN	ESN	4	0	4	316	1.27	0.0245	-0.082
HYDIN	HYDIN	IBS	4	0	2	316	1.27	0.0205	-0.48
HYDIN	HYDIN	JPT	4	0	4	316	1.27	0.0219	-0.344
LAMA5	LAMA5	CDX	4	0	3	493	0.81	0.0276	0.218
LAMA5	LAMA5	ITU	4	0	0	493	0.81	0.0384	1.295
LOC400499	LOC400499	ACB	4	0	2	526	0.76	0.0154	-0.983
MACF1	MACF1	STU	4	0	0	388	1.03	0.0494	2.379
MUC12	MUC12	ESN	4	0	3	634	0.63	0.0245	-0.082
MUC12	MUC12	LWK	4	1	0	634	0.63	0.0191	-0.618
MUC12	MUC12	STU	4	0	0	634	0.63	0.0494	2.379
MUC17	MUC17	ESN	4	0	0	668	0.6	0.0245	-0.082
MUC17	MUC17	GIH	4	0	1	668	0.6	0.0235	-0.186
MUC17	MUC17	LWK	4	0	2	668	0.6	0.0191	-0.618
MUC19	MUC19	LWK	4	0	2	958	0.42	0.0191	-0.618
MUC19	MUC19	MSL	4	0	0	958	0.42	0.0166	-0.873
MUC5AC	MUC5AC	LWK	4	0	2	693	0.58	0.0191	-0.618
MUC5B	MUC5B	CHB	4	0	1	922	0.43	0.0172	-0.814
MUC5B	MUC5B	FIN	4	0	0	922	0.43	0.0234	-0.193
MUC5B	MUC5B	JPT	4	0	1	922	0.43	0.0219	-0.344
MUC5B	MUC5B	MSL	4	0	4	922	0.43	0.0166	-0.873
MYO15B	MYO15B	MSL	4	0	0	428	0.93	0.0166	-0.873
MYO15B	MYO15B	PJL	4	0	1	428	0.93	0.0571	3.145
MYO15B	MYO15B	STU	4	0	1	428	0.93	0.0494	2.379
NEB	NEB	CEU	4	0	1	498	0.8	0.0169	-0.843
OBSCN	OBSCN	ASW	4	0	2	906	0.44	0.0161	-0.919
OBSCN	OBSCN	ITU	4	0	1	906	0.44	0.0384	1.295
PDE1C	PDE1C	KHV	4	0	3	362	1.1	0.0189	-0.64
PDE1C	PDE1C	PEL	4	0	4	362	1.1	0.0314	0.594
PDE1C	PDE1C	PJL	4	0	3	362	1.1	0.0571	3.145
PIEZO1	PIEZO1	CLM	4	0	2	388	1.03	0.0338	0.838
PIEZO1	PIEZO1	ESN	4	0	3	388	1.03	0.0245	-0.082
PIEZO1	PIEZO1	MXL	4	0	3	388	1.03	0.0255	0.015
PIEZO1	PIEZO1	STU	4	0	0	388	1.03	0.0494	2.379
PKD1	PKD1	CLM	4	0	2	606	0.66	0.0338	0.838
PLEC	PLEC	ESN	4	0	2	672	0.6	0.0245	-0.082
PLEC	PLEC	MXL	4	0	2	672	0.6	0.0255	0.015
RNF213	RNF213	BEB	4	0	2	415	0.96	0.0275	0.215
RNF213	RNF213	CEU	4	0	2	415	0.96	0.0169	-0.843
RNF213	RNF213	STU	4	0	3	415	0.96	0.0494	2.379
RYR1	RYR1	ASW	4	0	1	339	1.18	0.0161	-0.919
RYR1	RYR1	CDX	4	0	3	339	1.18	0.0276	0.218
RYR1	RYR1	ESN	4	0	2	339	1.18	0.0245	-0.082
RYR1	RYR1	ITU	4	0	4	339	1.18	0.0384	1.295
RYR1	RYR1	STU	4	0	2	339	1.18	0.0494	2.379
SETBP1	SETBP1	ACB	4	0	4	483	0.83	0.0154	-0.983
SETBP1	SETBP1	JPT	4	0	4	483	0.83	0.0219	-0.344
SETBP1	SETBP1	KHV	4	0	4	483	0.83	0.0189	-0.64
SETBP1	SETBP1	MSL	4	0	4	483	0.83	0.0166	-0.873
SPTBN5	SPTBN5	CEU	4	1	1	381	1.05	0.0169	-0.843
SPTBN5	SPTBN5	JPT	4	0	1	381	1.05	0.0219	-0.344
SPTBN5	SPTBN5	LWK	4	0	0	381	1.05	0.0191	-0.618
STARD9	STARD9	CEU	4	0	1	320	1.25	0.0169	-0.843
STARD9	STARD9	ESN	4	1	1	320	1.25	0.0245	-0.082
STARD9	STARD9	KHV	4	0	1	320	1.25	0.0189	-0.64
STARD9	STARD9	MSL	4	0	3	320	1.25	0.0166	-0.873
STARD9	STARD9	PJL	4	0	0	320	1.25	0.0571	3.145
SYNE1	SYNE1	BEB	4	0	3	484	0.83	0.0275	0.215
SYNE1	SYNE1	MSL	4	0	1	484	0.83	0.0166	-0.873
SYNE1	SYNE1	PEL	4	0	1	484	0.83	0.0314	0.594
SYNE1	SYNE1	PUR	4	0	3	484	0.83	0.028	0.264
SYNE2	SYNE2	ASW	4	0	1	471	0.85	0.0161	-0.919
SYNE2	SYNE2	CEU	4	0	0	471	0.85	0.0169	-0.843
SYNE2	SYNE2	STU	4	0	2	471	0.85	0.0494	2.379
SYNE2	SYNE2	YRI	4	0	1	471	0.85	0.0171	-0.815
TRIO	TRIO	KHV	4	0	3	396	1.01	0.0189	-0.64
TRIO	TRIO	PUR	4	0	2	396	1.01	0.028	0.264
TRIO	TRIO	STU	4	0	3	396	1.01	0.0494	2.379
ZNF469	ZNF469	CDX	4	0	1	379	1.06	0.0276	0.218
ZNF469	ZNF469	CLM	4	0	2	379	1.06	0.0338	0.838
ZNF469	ZNF469	ESN	4	0	1	379	1.06	0.0245	-0.082
ZNF469	ZNF469	JPT	4	0	3	379	1.06	0.0219	-0.344
ZNF469	ZNF469	PJL	4	0	1	379	1.06	0.0571	3.145
ABCA13	ABCA13	CDX	3	1	1	344	0.87	0.0276	0.218
ABCA13	ABCA13	CLM	3	0	1	344	0.87	0.0338	0.838
ABCA13	ABCA13	MXL	3	0	2	344	0.87	0.0255	0.015
ABCA13	ABCA13	PEL	3	1	0	344	0.87	0.0314	0.594
ADGRV1	ADGRV1	FIN	3	0	2	357	0.84	0.0234	-0.193
ADGRV1	ADGRV1	GIH	3	0	1	357	0.84	0.0235	-0.186
ADGRV1	ADGRV1	PUR	3	0	3	357	0.84	0.028	0.264
AHNAK	AHNAK	ASW	3	0	0	521	0.58	0.0161	-0.919
AHNAK	AHNAK	CDX	3	0	2	521	0.58	0.0276	0.218
AHNAK	AHNAK	CEU	3	0	1	521	0.58	0.0169	-0.843
AHNAK	AHNAK	FIN	3	0	0	521	0.58	0.0234	-0.193
AHNAK	AHNAK	JPT	3	0	0	521	0.58	0.0219	-0.344
AHNAK	AHNAK	PUR	3	0	0	521	0.58	0.028	0.264
AHNAK	AHNAK	STU	3	0	0	521	0.58	0.0494	2.379
CACNA1H	CACNA1H	CDX	3	0	1	422	0.71	0.0276	0.218
CACNA1H	CACNA1H	TSI	3	0	1	422	0.71	0.0181	-0.723
CHD6	CHD6	ASW	3	0	3	325	0.92	0.0161	-0.919
CNTN4	CNTN4	GIH	3	0	3	495	0.61	0.0235	-0.186
CNTN4	CNTN4	ITU	3	2	1	495	0.61	0.0384	1.295
CNTN4	CNTN4	MXL	3	0	3	495	0.61	0.0255	0.015
CNTN4	CNTN4	PUR	3	0	2	495	0.61	0.028	0.264
CSMD1	CSMD1	BEB	3	0	1	316	0.95	0.0275	0.215
CSMD1	CSMD1	CDX	3	0	2	316	0.95	0.0276	0.218
DNAH1	DNAH1	CLM	3	0	1	318	0.94	0.0338	0.838
DNAH10	DNAH10	ACB	3	0	1	327	0.92	0.0154	-0.983
DNAH10	DNAH10	BEB	3	0	1	327	0.92	0.0275	0.215
DNAH10	DNAH10	CDX	3	0	1	327	0.92	0.0276	0.218
DNAH10	DNAH10	JPT	3	0	3	327	0.92	0.0219	-0.344
DNAH10	DNAH10	LWK	3	0	1	327	0.92	0.0191	-0.618
DNAH11	DNAH11	ACB	3	0	0	352	0.85	0.0154	-0.983
DNAH11	DNAH11	MXL	3	0	1	352	0.85	0.0255	0.015
DNAH11	DNAH11	STU	3	0	2	352	0.85	0.0494	2.379
DNAH14	DNAH14	ASW	3	0	2	339	0.88	0.0161	-0.919
DNAH14	DNAH14	LWK	3	0	2	339	0.88	0.0191	-0.618
DNAH14	DNAH14	PUR	3	0	2	339	0.88	0.028	0.264
DNAH14	DNAH14	STU	3	0	0	339	0.88	0.0494	2.379
DNAH17	DNAH17	CHB	3	0	1	524	0.57	0.0172	-0.814
DNAH17	DNAH17	GIH	3	0	1	524	0.57	0.0235	-0.186
DNAH17	DNAH17	ITU	3	0	1	524	0.57	0.0384	1.295
DST	DST	ACB	3	0	0	422	0.71	0.0154	-0.983
DST	DST	ASW	3	0	0	422	0.71	0.0161	-0.919
DST	DST	BEB	3	0	1	422	0.71	0.0275	0.215
EPPK1	EPPK1	ITU	3	1	0	448	0.67	0.0384	1.295
EPPK1	EPPK1	YRI	3	0	2	448	0.67	0.0171	-0.815
FCGBP	FCGBP	BEB	3	0	1	454	0.66	0.0275	0.215
FCGBP	FCGBP	CLM	3	0	2	454	0.66	0.0338	0.838
FCGBP	FCGBP	ITU	3	0	1	454	0.66	0.0384	1.295
FCGBP	FCGBP	KHV	3	0	3	454	0.66	0.0189	-0.64
FLG	FLG	CHB	3	1	1	783	0.38	0.0172	-0.814
FLG	FLG	FIN	3	0	2	783	0.38	0.0234	-0.193
GSE1	GSE1	FIN	3	0	1	432	0.69	0.0234	-0.193
GSE1	GSE1	MSL	3	0	0	432	0.69	0.0166	-0.873
GSE1	GSE1	STU	3	0	1	432	0.69	0.0494	2.379
HIVEP2	HIVEP2	ITU	3	0	2	394	0.76	0.0384	1.295
HIVEP2	HIVEP2	STU	3	0	2	394	0.76	0.0494	2.379
HMCN2	HMCN2	CDX	3	0	0	560	0.54	0.0276	0.218
HMCN2	HMCN2	CLM	3	0	1	560	0.54	0.0338	0.838
HMCN2	HMCN2	JPT	3	0	2	560	0.54	0.0219	-0.344
HSPG2	HSPG2	FIN	3	0	0	431	0.7	0.0234	-0.193
HSPG2	HSPG2	STU	3	1	1	431	0.7	0.0494	2.379
HYDIN	HYDIN	MSL	3	0	1	316	0.95	0.0166	-0.873
LAMA5	LAMA5	ACB	3	0	1	493	0.61	0.0154	-0.983
LAMA5	LAMA5	GIH	3	0	2	493	0.61	0.0235	-0.186
LAMA5	LAMA5	MXL	3	0	0	493	0.61	0.0255	0.015
LAMA5	LAMA5	STU	3	0	1	493	0.61	0.0494	2.379
LAMA5	LAMA5	YRI	3	0	0	493	0.61	0.0171	-0.815
LOC400499	LOC400499	CDX	3	0	1	526	0.57	0.0276	0.218
LOC400499	LOC400499	GIH	3	0	1	526	0.57	0.0235	-0.186
MACF1	MACF1	CLM	3	0	0	388	0.77	0.0338	0.838
MACF1	MACF1	GIH	3	0	0	388	0.77	0.0235	-0.186
MACF1	MACF1	ITU	3	0	1	388	0.77	0.0384	1.295
MACF1	MACF1	MSL	3	0	2	388	0.77	0.0166	-0.873
MUC12	MUC12	ACB	3	1	0	634	0.47	0.0154	-0.983
MUC12	MUC12	GIH	3	0	1	634	0.47	0.0235	-0.186
MUC16	MUC16	CDX	3	0	1	1197	0.25	0.0276	0.218
MUC17	MUC17	ACB	3	0	0	668	0.45	0.0154	-0.983
MUC17	MUC17	CLM	3	0	0	668	0.45	0.0338	0.838
MUC17	MUC17	MXL	3	0	2	668	0.45	0.0255	0.015
MUC19	MUC19	FIN	3	2	0	958	0.31	0.0234	-0.193
MUC4	MUC4	ASW	3	0	0	1816	0.17	0.0161	-0.919
MUC4	MUC4	FIN	3	1	0	1816	0.17	0.0234	-0.193
MUC4	MUC4	TSI	3	1	1	1816	0.17	0.0181	-0.723
MUC5AC	MUC5AC	ACB	3	0	2	693	0.43	0.0154	-0.983
MUC5AC	MUC5AC	ASW	3	0	2	693	0.43	0.0161	-0.919
MUC5AC	MUC5AC	ITU	3	0	1	693	0.43	0.0384	1.295
MUC5AC	MUC5AC	PUR	3	0	1	693	0.43	0.028	0.264
MYO15B	MYO15B	CDX	3	0	0	428	0.7	0.0276	0.218
NEB	NEB	GIH	3	0	0	498	0.6	0.0235	-0.186
OBSCN	OBSCN	CHB	3	0	1	906	0.33	0.0172	-0.814
PDE1C	PDE1C	ASW	3	0	3	362	0.83	0.0161	-0.919
PDE1C	PDE1C	CDX	3	0	2	362	0.83	0.0276	0.218
PDE1C	PDE1C	CLM	3	0	3	362	0.83	0.0338	0.838
PDE1C	PDE1C	LWK	3	0	3	362	0.83	0.0191	-0.618
PDE1C	PDE1C	MXL	3	0	2	362	0.83	0.0255	0.015
PIEZO1	PIEZO1	JPT	3	0	1	388	0.77	0.0219	-0.344
PIEZO1	PIEZO1	TSI	3	0	1	388	0.77	0.0181	-0.723
PKD1	PKD1	CDX	3	0	1	606	0.5	0.0276	0.218
PKD1	PKD1	ITU	3	0	1	606	0.5	0.0384	1.295
PLEC	PLEC	CDX	3	0	3	672	0.45	0.0276	0.218
PLEC	PLEC	CHB	3	0	0	672	0.45	0.0172	-0.814
PLEC	PLEC	FIN	3	0	1	672	0.45	0.0234	-0.193
PLEC	PLEC	GIH	3	0	1	672	0.45	0.0235	-0.186
PLEC	PLEC	TSI	3	0	2	672	0.45	0.0181	-0.723
RNF213	RNF213	ASW	3	0	1	415	0.72	0.0161	-0.919
RNF213	RNF213	CDX	3	1	0	415	0.72	0.0276	0.218
RNF213	RNF213	KHV	3	0	1	415	0.72	0.0189	-0.64
RNF213	RNF213	TSI	3	0	0	415	0.72	0.0181	-0.723
RYR1	RYR1	JPT	3	0	2	339	0.88	0.0219	-0.344
RYR1	RYR1	LWK	3	0	1	339	0.88	0.0191	-0.618
RYR1	RYR1	TSI	3	0	0	339	0.88	0.0181	-0.723
SETBP1	SETBP1	ITU	3	0	3	483	0.62	0.0384	1.295
SETBP1	SETBP1	STU	3	0	2	483	0.62	0.0494	2.379
SPTBN5	SPTBN5	ACB	3	0	1	381	0.79	0.0154	-0.983
STARD9	STARD9	YRI	3	1	0	320	0.94	0.0171	-0.815
SYNE1	SYNE1	ACB	3	0	0	484	0.62	0.0154	-0.983
SYNE1	SYNE1	GIH	3	0	0	484	0.62	0.0235	-0.186
SYNE2	SYNE2	CDX	3	0	1	471	0.64	0.0276	0.218
SYNE2	SYNE2	IBS	3	0	1	471	0.64	0.0205	-0.48
SYNE2	SYNE2	ITU	3	0	0	471	0.64	0.0384	1.295
TRIO	TRIO	ACB	3	0	2	396	0.76	0.0154	-0.983
TRIO	TRIO	CEU	3	0	3	396	0.76	0.0169	-0.843
TRIO	TRIO	GIH	3	0	3	396	0.76	0.0235	-0.186
TRIO	TRIO	ITU	3	0	3	396	0.76	0.0384	1.295
TRIO	TRIO	JPT	3	0	3	396	0.76	0.0219	-0.344
TRIO	TRIO	MSL	3	0	2	396	0.76	0.0166	-0.873
TRIO	TRIO	PEL	3	0	3	396	0.76	0.0314	0.594
TTN	TTN	TSI	3	0	1	1907	0.16	0.0181	-0.723
ZNF469	ZNF469	BEB	3	0	2	379	0.79	0.0275	0.215
ZNF469	ZNF469	GIH	3	0	1	379	0.79	0.0235	-0.186
ZNF469	ZNF469	ITU	3	0	0	379	0.79	0.0384	1.295
ZNF469	ZNF469	TSI	3	0	0	379	0.79	0.0181	-0.723
ABCA13	ABCA13	FIN	2	0	0	344	0.58	0.0234	-0.193
ABCA13	ABCA13	JPT	2	0	1	344	0.58	0.0219	-0.344
ABCA13	ABCA13	KHV	2	0	1	344	0.58	0.0189	-0.64
ABCA13	ABCA13	PJL	2	0	0	344	0.58	0.0571	3.145
ADGRV1	ADGRV1	CDX	2	0	1	357	0.56	0.0276	0.218
ADGRV1	ADGRV1	ESN	2	0	1	357	0.56	0.0245	-0.082
ADGRV1	ADGRV1	STU	2	0	0	357	0.56	0.0494	2.379
ADGRV1	ADGRV1	YRI	2	0	1	357	0.56	0.0171	-0.815
AHNAK	AHNAK	ITU	2	0	0	521	0.38	0.0384	1.295
AHNAK	AHNAK	TSI	2	0	1	521	0.38	0.0181	-0.723
AHNAK2	AHNAK2	CDX	2	0	0	1533	0.13	0.0276	0.218
AHNAK2	AHNAK2	FIN	2	0	2	1533	0.13	0.0234	-0.193
AHNAK2	AHNAK2	ITU	2	0	0	1533	0.13	0.0384	1.295
CACNA1H	CACNA1H	ITU	2	0	2	422	0.47	0.0384	1.295
CACNA1H	CACNA1H	MXL	2	0	0	422	0.47	0.0255	0.015
CDH23	CDH23	ASW	2	0	0	315	0.63	0.0161	-0.919
CDH23	CDH23	ESN	2	0	1	315	0.63	0.0245	-0.082
CDH23	CDH23	ITU	2	0	0	315	0.63	0.0384	1.295
CDH23	CDH23	JPT	2	0	1	315	0.63	0.0219	-0.344
CDH23	CDH23	MSL	2	0	1	315	0.63	0.0166	-0.873
CDH23	CDH23	PJL	2	0	0	315	0.63	0.0571	3.145
CDH23	CDH23	STU	2	0	1	315	0.63	0.0494	2.379
CHD6	CHD6	ACB	2	0	2	325	0.62	0.0154	-0.983
CHD6	CHD6	CDX	2	0	1	325	0.62	0.0276	0.218
CHD6	CHD6	ESN	2	0	1	325	0.62	0.0245	-0.082
CHD6	CHD6	LWK	2	0	2	325	0.62	0.0191	-0.618
CHD6	CHD6	STU	2	0	2	325	0.62	0.0494	2.379
CNTN4	CNTN4	ASW	2	0	1	495	0.4	0.0161	-0.919
CNTN4	CNTN4	CDX	2	0	2	495	0.4	0.0276	0.218
CNTN4	CNTN4	FIN	2	0	1	495	0.4	0.0234	-0.193
CNTN4	CNTN4	JPT	2	0	2	495	0.4	0.0219	-0.344
CSMD1	CSMD1	FIN	2	0	0	316	0.63	0.0234	-0.193
CSMD1	CSMD1	GIH	2	0	0	316	0.63	0.0235	-0.186
CSMD1	CSMD1	TSI	2	0	0	316	0.63	0.0181	-0.723
DNAH1	DNAH1	JPT	2	0	0	318	0.63	0.0219	-0.344
DNAH1	DNAH1	MSL	2	0	1	318	0.63	0.0166	-0.873
DNAH10	DNAH10	ESN	2	0	0	327	0.61	0.0245	-0.082
DNAH10	DNAH10	FIN	2	0	0	327	0.61	0.0234	-0.193
DNAH10	DNAH10	ITU	2	0	0	327	0.61	0.0384	1.295
DNAH11	DNAH11	BEB	2	0	1	352	0.57	0.0275	0.215
DNAH11	DNAH11	CLM	2	0	1	352	0.57	0.0338	0.838
DNAH11	DNAH11	ITU	2	0	2	352	0.57	0.0384	1.295
DNAH11	DNAH11	MSL	2	0	0	352	0.57	0.0166	-0.873
DNAH14	DNAH14	ESN	2	0	1	339	0.59	0.0245	-0.082
DNAH14	DNAH14	GIH	2	0	1	339	0.59	0.0235	-0.186
DNAH17	DNAH17	CDX	2	0	2	524	0.38	0.0276	0.218
DNAH17	DNAH17	FIN	2	0	1	524	0.38	0.0234	-0.193
DST	DST	FIN	2	0	2	422	0.47	0.0234	-0.193
DST	DST	ITU	2	0	1	422	0.47	0.0384	1.295
DST	DST	MSL	2	0	0	422	0.47	0.0166	-0.873
EPPK1	EPPK1	FIN	2	1	0	448	0.45	0.0234	-0.193
EPPK1	EPPK1	GIH	2	0	1	448	0.45	0.0235	-0.186
EPPK1	EPPK1	KHV	2	0	1	448	0.45	0.0189	-0.64
EPPK1	EPPK1	MXL	2	0	0	448	0.45	0.0255	0.015
EPPK1	EPPK1	PEL	2	0	2	448	0.45	0.0314	0.594
EPPK1	EPPK1	STU	2	0	1	448	0.45	0.0494	2.379
FCGBP	FCGBP	ACB	2	0	1	454	0.44	0.0154	-0.983
FCGBP	FCGBP	ASW	2	0	2	454	0.44	0.0161	-0.919
FCGBP	FCGBP	FIN	2	0	1	454	0.44	0.0234	-0.193
FCGBP	FCGBP	TSI	2	0	0	454	0.44	0.0181	-0.723
FLG	FLG	ITU	2	1	0	783	0.26	0.0384	1.295
FLG	FLG	LWK	2	0	1	783	0.26	0.0191	-0.618
GSE1	GSE1	ASW	2	0	0	432	0.46	0.0161	-0.919
GSE1	GSE1	GIH	2	0	1	432	0.46	0.0235	-0.186
GSE1	GSE1	TSI	2	0	2	432	0.46	0.0181	-0.723
HIVEP2	HIVEP2	GIH	2	0	2	394	0.51	0.0235	-0.186
HIVEP2	HIVEP2	JPT	2	0	2	394	0.51	0.0219	-0.344
HMCN2	HMCN2	MSL	2	0	2	560	0.36	0.0166	-0.873
HSPG2	HSPG2	ACB	2	0	0	431	0.46	0.0154	-0.983
HSPG2	HSPG2	CDX	2	0	0	431	0.46	0.0276	0.218
HSPG2	HSPG2	CHB	2	0	1	431	0.46	0.0172	-0.814
HSPG2	HSPG2	GIH	2	0	1	431	0.46	0.0235	-0.186
HSPG2	HSPG2	ITU	2	0	1	431	0.46	0.0384	1.295
HSPG2	HSPG2	MSL	2	0	0	431	0.46	0.0166	-0.873
HSPG2	HSPG2	TSI	2	0	1	431	0.46	0.0181	-0.723
HYDIN	HYDIN	ACB	2	0	0	316	0.63	0.0154	-0.983
HYDIN	HYDIN	PEL	2	0	1	316	0.63	0.0314	0.594
HYDIN	HYDIN	TSI	2	0	1	316	0.63	0.0181	-0.723
LAMA5	LAMA5	JPT	2	0	0	493	0.41	0.0219	-0.344
LAMA5	LAMA5	LWK	2	0	1	493	0.41	0.0191	-0.618
LAMA5	LAMA5	MSL	2	0	1	493	0.41	0.0166	-0.873
LAMA5	LAMA5	PJL	2	0	1	493	0.41	0.0571	3.145
LAMA5	LAMA5	TSI	2	0	1	493	0.41	0.0181	-0.723
LOC400499	LOC400499	ITU	2	0	1	526	0.38	0.0384	1.295
MACF1	MACF1	ASW	2	0	0	388	0.52	0.0161	-0.919
MACF1	MACF1	FIN	2	0	0	388	0.52	0.0234	-0.193
MACF1	MACF1	GBR	2	0	2	388	0.52	0.0223	-0.306
MACF1	MACF1	JPT	2	0	0	388	0.52	0.0219	-0.344
MUC12	MUC12	CDX	2	0	1	634	0.32	0.0276	0.218
MUC12	MUC12	ITU	2	0	1	634	0.32	0.0384	1.295
MUC12	MUC12	JPT	2	0	0	634	0.32	0.0219	-0.344
MUC12	MUC12	MXL	2	0	1	634	0.32	0.0255	0.015
MUC16	MUC16	TSI	2	0	0	1197	0.17	0.0181	-0.723
MUC17	MUC17	FIN	2	0	0	668	0.3	0.0234	-0.193
MUC17	MUC17	ITU	2	0	0	668	0.3	0.0384	1.295
MUC17	MUC17	JPT	2	0	0	668	0.3	0.0219	-0.344
MUC17	MUC17	TSI	2	0	2	668	0.3	0.0181	-0.723
MUC19	MUC19	CHB	2	0	1	958	0.21	0.0172	-0.814
MUC19	MUC19	MXL	2	1	1	958	0.21	0.0255	0.015
MUC4	MUC4	BEB	2	0	1	1816	0.11	0.0275	0.215
MUC4	MUC4	CHB	2	0	1	1816	0.11	0.0172	-0.814
MUC4	MUC4	ITU	2	0	1	1816	0.11	0.0384	1.295
MUC4	MUC4	MSL	2	0	0	1816	0.11	0.0166	-0.873
MUC5AC	MUC5AC	CDX	2	0	1	693	0.29	0.0276	0.218
MUC5B	MUC5B	CDX	2	0	2	922	0.22	0.0276	0.218
MUC5B	MUC5B	ITU	2	0	2	922	0.22	0.0384	1.295
MUC5B	MUC5B	STU	2	0	0	922	0.22	0.0494	2.379
MUC5B	MUC5B	TSI	2	0	1	922	0.22	0.0181	-0.723
MYO15B	MYO15B	BEB	2	0	0	428	0.47	0.0275	0.215
MYO15B	MYO15B	GIH	2	0	1	428	0.47	0.0235	-0.186
NEB	NEB	ASW	2	0	2	498	0.4	0.0161	-0.919
NEB	NEB	CDX	2	0	0	498	0.4	0.0276	0.218
NEB	NEB	LWK	2	0	2	498	0.4	0.0191	-0.618
NEB	NEB	MSL	2	0	1	498	0.4	0.0166	-0.873
OBSCN	OBSCN	FIN	2	0	1	906	0.22	0.0234	-0.193
PDE1C	PDE1C	ACB	2	0	2	362	0.55	0.0154	-0.983
PDE1C	PDE1C	MSL	2	0	2	362	0.55	0.0166	-0.873
PIEZO1	PIEZO1	LWK	2	0	0	388	0.52	0.0191	-0.618
PKD1	PKD1	CHB	2	0	2	606	0.33	0.0172	-0.814
PLEC	PLEC	MSL	2	0	1	672	0.3	0.0166	-0.873
RNF213	RNF213	GBR	2	0	1	415	0.48	0.0223	-0.306
RNF213	RNF213	GIH	2	0	1	415	0.48	0.0235	-0.186
RNF213	RNF213	JPT	2	0	0	415	0.48	0.0219	-0.344
RNF213	RNF213	MXL	2	1	0	415	0.48	0.0255	0.015
RNF213	RNF213	PUR	2	0	0	415	0.48	0.028	0.264
RYR1	RYR1	GBR	2	0	1	339	0.59	0.0223	-0.306
RYR1	RYR1	IBS	2	0	0	339	0.59	0.0205	-0.48
RYR1	RYR1	PUR	2	0	1	339	0.59	0.028	0.264
SETBP1	SETBP1	CDX	2	0	2	483	0.41	0.0276	0.218
SETBP1	SETBP1	TSI	2	0	2	483	0.41	0.0181	-0.723
SPTBN5	SPTBN5	KHV	2	0	1	381	0.52	0.0189	-0.64
SPTBN5	SPTBN5	TSI	2	1	0	381	0.52	0.0181	-0.723
STARD9	STARD9	CHB	2	0	0	320	0.62	0.0172	-0.814
STARD9	STARD9	FIN	2	0	1	320	0.62	0.0234	-0.193
STARD9	STARD9	GIH	2	0	0	320	0.62	0.0235	-0.186
STARD9	STARD9	ITU	2	0	1	320	0.62	0.0384	1.295
STARD9	STARD9	JPT	2	0	0	320	0.62	0.0219	-0.344
SYNE1	SYNE1	CDX	2	0	1	484	0.41	0.0276	0.218
SYNE1	SYNE1	ITU	2	0	0	484	0.41	0.0384	1.295
SYNE1	SYNE1	JPT	2	0	2	484	0.41	0.0219	-0.344
SYNE2	SYNE2	CHB	2	0	2	471	0.42	0.0172	-0.814
SYNE2	SYNE2	FIN	2	0	1	471	0.42	0.0234	-0.193
SYNE2	SYNE2	GIH	2	0	0	471	0.42	0.0235	-0.186
SYNE2	SYNE2	TSI	2	0	0	471	0.42	0.0181	-0.723
TRIO	TRIO	TSI	2	0	2	396	0.51	0.0181	-0.723
ZNF469	ZNF469	ASW	2	0	0	379	0.53	0.0161	-0.919
ABCA13	ABCA13	CHB	1	0	0	344	0.29	0.0172	-0.814
ABCA13	ABCA13	GBR	1	0	0	344	0.29	0.0223	-0.306
ABCA13	ABCA13	TSI	1	0	0	344	0.29	0.0181	-0.723
ADGRV1	ADGRV1	ACB	1	0	0	357	0.28	0.0154	-0.983
ADGRV1	ADGRV1	CHB	1	0	0	357	0.28	0.0172	-0.814
ADGRV1	ADGRV1	ITU	1	0	0	357	0.28	0.0384	1.295
ADGRV1	ADGRV1	TSI	1	0	0	357	0.28	0.0181	-0.723
AHNAK2	AHNAK2	CHB	1	0	0	1533	0.07	0.0172	-0.814
AHNAK2	AHNAK2	GIH	1	0	1	1533	0.07	0.0235	-0.186
CACNA1H	CACNA1H	ASW	1	0	1	422	0.24	0.0161	-0.919
CDH23	CDH23	FIN	1	0	1	315	0.32	0.0234	-0.193
CDH23	CDH23	GIH	1	0	1	315	0.32	0.0235	-0.186
CDH23	CDH23	KHV	1	0	1	315	0.32	0.0189	-0.64
CHD6	CHD6	GBR	1	0	1	325	0.31	0.0223	-0.306
CHD6	CHD6	GIH	1	0	1	325	0.31	0.0235	-0.186
CHD6	CHD6	PUR	1	0	1	325	0.31	0.028	0.264
CHD6	CHD6	TSI	1	0	1	325	0.31	0.0181	-0.723
CNTN4	CNTN4	CHB	1	0	1	495	0.2	0.0172	-0.814
CNTN4	CNTN4	GBR	1	0	0	495	0.2	0.0223	-0.306
CNTN4	CNTN4	STU	1	0	0	495	0.2	0.0494	2.379
CNTN4	CNTN4	TSI	1	0	1	495	0.2	0.0181	-0.723
CSMD1	CSMD1	ACB	1	0	1	316	0.32	0.0154	-0.983
CSMD1	CSMD1	ASW	1	0	0	316	0.32	0.0161	-0.919
CSMD1	CSMD1	ITU	1	0	0	316	0.32	0.0384	1.295
DNAH1	DNAH1	CEU	1	0	1	318	0.31	0.0169	-0.843
DNAH1	DNAH1	FIN	1	0	0	318	0.31	0.0234	-0.193
DNAH1	DNAH1	GIH	1	1	0	318	0.31	0.0235	-0.186
DNAH10	DNAH10	CLM	1	0	0	327	0.31	0.0338	0.838
DNAH10	DNAH10	GIH	1	0	0	327	0.31	0.0235	-0.186
DNAH10	DNAH10	MSL	1	0	0	327	0.31	0.0166	-0.873
DNAH10	DNAH10	TSI	1	0	0	327	0.31	0.0181	-0.723
DNAH11	DNAH11	CHB	1	0	1	352	0.28	0.0172	-0.814
DNAH11	DNAH11	GBR	1	0	0	352	0.28	0.0223	-0.306
DNAH11	DNAH11	TSI	1	0	0	352	0.28	0.0181	-0.723
DNAH14	DNAH14	CDX	1	0	0	339	0.29	0.0276	0.218
DNAH14	DNAH14	FIN	1	0	0	339	0.29	0.0234	-0.193
DNAH17	DNAH17	GBR	1	0	0	524	0.19	0.0223	-0.306
DNAH17	DNAH17	TSI	1	0	0	524	0.19	0.0181	-0.723
DST	DST	CHB	1	0	1	422	0.24	0.0172	-0.814
DST	DST	GIH	1	0	0	422	0.24	0.0235	-0.186
EPPK1	EPPK1	CDX	1	0	1	448	0.22	0.0276	0.218
FCGBP	FCGBP	CDX	1	0	1	454	0.22	0.0276	0.218
FCGBP	FCGBP	CHB	1	0	0	454	0.22	0.0172	-0.814
FLG	FLG	GBR	1	0	0	783	0.13	0.0223	-0.306
HIVEP2	HIVEP2	ASW	1	0	1	394	0.25	0.0161	-0.919
HMCN2	HMCN2	FIN	1	0	0	560	0.18	0.0234	-0.193
HMCN2	HMCN2	ITU	1	0	0	560	0.18	0.0384	1.295
HYDIN	HYDIN	CDX	1	0	0	316	0.32	0.0276	0.218
HYDIN	HYDIN	CHB	1	0	0	316	0.32	0.0172	-0.814
HYDIN	HYDIN	FIN	1	0	1	316	0.32	0.0234	-0.193
HYDIN	HYDIN	GIH	1	0	0	316	0.32	0.0235	-0.186
HYDIN	HYDIN	STU	1	0	0	316	0.32	0.0494	2.379
LAMA5	LAMA5	CHB	1	0	1	493	0.2	0.0172	-0.814
LOC400499	LOC400499	CHB	1	0	1	526	0.19	0.0172	-0.814
LOC400499	LOC400499	FIN	1	0	1	526	0.19	0.0234	-0.193
LOC400499	LOC400499	GBR	1	0	1	526	0.19	0.0223	-0.306
LOC400499	LOC400499	TSI	1	0	1	526	0.19	0.0181	-0.723
MACF1	MACF1	TSI	1	0	1	388	0.26	0.0181	-0.723
MUC12	MUC12	CHB	1	0	1	634	0.16	0.0172	-0.814
MUC12	MUC12	FIN	1	0	0	634	0.16	0.0234	-0.193
MUC12	MUC12	PUR	1	0	0	634	0.16	0.028	0.264
MUC16	MUC16	CHB	1	0	1	1197	0.08	0.0172	-0.814
MUC17	MUC17	ASW	1	0	0	668	0.15	0.0161	-0.919
MUC17	MUC17	GBR	1	0	0	668	0.15	0.0223	-0.306
MUC19	MUC19	GIH	1	0	0	958	0.1	0.0235	-0.186
MUC4	MUC4	GBR	1	0	0	1816	0.06	0.0223	-0.306
MUC4	MUC4	GIH	1	0	1	1816	0.06	0.0235	-0.186
MUC4	MUC4	IBS	1	0	0	1816	0.06	0.0205	-0.48
MUC4	MUC4	MXL	1	0	0	1816	0.06	0.0255	0.015
MUC5AC	MUC5AC	CHB	1	0	1	693	0.14	0.0172	-0.814
MUC5AC	MUC5AC	GIH	1	0	1	693	0.14	0.0235	-0.186
MUC5AC	MUC5AC	JPT	1	0	0	693	0.14	0.0219	-0.344
MUC5B	MUC5B	GBR	1	0	1	922	0.11	0.0223	-0.306
MUC5B	MUC5B	MXL	1	0	0	922	0.11	0.0255	0.015
MYO15B	MYO15B	ASW	1	0	0	428	0.23	0.0161	-0.919
MYO15B	MYO15B	CHB	1	0	0	428	0.23	0.0172	-0.814
NEB	NEB	ACB	1	0	1	498	0.2	0.0154	-0.983
NEB	NEB	CHB	1	0	0	498	0.2	0.0172	-0.814
NEB	NEB	GBR	1	0	0	498	0.2	0.0223	-0.306
NEB	NEB	TSI	1	0	0	498	0.2	0.0181	-0.723
OBSCN	OBSCN	GBR	1	0	0	906	0.11	0.0223	-0.306
OBSCN	OBSCN	TSI	1	0	0	906	0.11	0.0181	-0.723
PDE1C	PDE1C	FIN	1	0	1	362	0.28	0.0234	-0.193
PDE1C	PDE1C	GIH	1	0	1	362	0.28	0.0235	-0.186
PDE1C	PDE1C	ITU	1	0	1	362	0.28	0.0384	1.295
PDE1C	PDE1C	JPT	1	0	1	362	0.28	0.0219	-0.344
PIEZO1	PIEZO1	CDX	1	0	1	388	0.26	0.0276	0.218
PIEZO1	PIEZO1	CHB	1	0	1	388	0.26	0.0172	-0.814
PIEZO1	PIEZO1	ITU	1	0	1	388	0.26	0.0384	1.295
PIEZO1	PIEZO1	MSL	1	0	0	388	0.26	0.0166	-0.873
PKD1	PKD1	ASW	1	0	0	606	0.17	0.0161	-0.919
PKD1	PKD1	GBR	1	0	0	606	0.17	0.0223	-0.306
PKD1	PKD1	TSI	1	0	1	606	0.17	0.0181	-0.723
PLEC	PLEC	GBR	1	0	0	672	0.15	0.0223	-0.306
RNF213	RNF213	ACB	1	0	0	415	0.24	0.0154	-0.983
RNF213	RNF213	CHB	1	0	0	415	0.24	0.0172	-0.814
RNF213	RNF213	ESN	1	0	1	415	0.24	0.0245	-0.082
RNF213	RNF213	MSL	1	0	1	415	0.24	0.0166	-0.873
RYR1	RYR1	ACB	1	0	0	339	0.29	0.0154	-0.983
RYR1	RYR1	CHB	1	0	0	339	0.29	0.0172	-0.814
RYR1	RYR1	FIN	1	0	1	339	0.29	0.0234	-0.193
RYR1	RYR1	MSL	1	0	1	339	0.29	0.0166	-0.873
SETBP1	SETBP1	ASW	1	0	0	483	0.21	0.0161	-0.919
SETBP1	SETBP1	FIN	1	0	1	483	0.21	0.0234	-0.193
SPTBN5	SPTBN5	CDX	1	0	0	381	0.26	0.0276	0.218
SPTBN5	SPTBN5	GBR	1	0	1	381	0.26	0.0223	-0.306
SPTBN5	SPTBN5	GIH	1	0	0	381	0.26	0.0235	-0.186
STARD9	STARD9	ASW	1	0	1	320	0.31	0.0161	-0.919
STARD9	STARD9	CDX	1	0	0	320	0.31	0.0276	0.218
STARD9	STARD9	GBR	1	0	1	320	0.31	0.0223	-0.306
STARD9	STARD9	TSI	1	0	0	320	0.31	0.0181	-0.723
SYNE1	SYNE1	ASW	1	0	0	484	0.21	0.0161	-0.919
SYNE1	SYNE1	CHB	1	0	0	484	0.21	0.0172	-0.814
SYNE1	SYNE1	TSI	1	0	1	484	0.21	0.0181	-0.723
TRIO	TRIO	CHB	1	0	0	396	0.25	0.0172	-0.814
TRIO	TRIO	GBR	1	0	1	396	0.25	0.0223	-0.306
ZNF469	ZNF469	CHB	1	0	0	379	0.26	0.0172	-0.814
ZNF469	ZNF469	FIN	1	0	0	379	0.26	0.0234	-0.193
ZNF469	ZNF469	GBR	1	0	0	379	0.26	0.0223	-0.306
