pathway1_id	pathway1_name	pathway2_id	pathway2_name	rho	sign
R-HSA-8849472	PTK6 Down-Regulation	R-HSA-5619041	Defective SLC36A2 causes iminoglycinuria (IG) and hyperglycinuria (HG)	1.0	positive
R-HSA-8849472	PTK6 Down-Regulation	R-HSA-9717264	ASP-3026-resistant ALK mutants	1.0	positive
R-HSA-8849472	PTK6 Down-Regulation	R-HSA-9717301	NVP-TAE684-resistant ALK mutants	1.0	positive
R-HSA-8849472	PTK6 Down-Regulation	R-HSA-9717316	alectinib-resistant ALK mutants	1.0	positive
R-HSA-8849472	PTK6 Down-Regulation	R-HSA-9717319	brigatinib-resistant ALK mutants	1.0	positive
R-HSA-8849472	PTK6 Down-Regulation	R-HSA-9717323	ceritinib-resistant ALK mutants	1.0	positive
R-HSA-8849472	PTK6 Down-Regulation	R-HSA-9717326	crizotinib-resistant ALK mutants	1.0	positive
R-HSA-8849472	PTK6 Down-Regulation	R-HSA-9717329	lorlatinib-resistant ALK mutants	1.0	positive
R-HSA-8849472	PTK6 Down-Regulation	R-HSA-428359	Insulin-like Growth Factor-2 mRNA Binding Proteins (IGF2BPs/IMPs/VICKZs) bind RNA	1.0	positive
R-HSA-8849472	PTK6 Down-Regulation	R-HSA-1300645	Acrosome Reaction and Sperm:Oocyte Membrane Binding	1.0	positive
R-HSA-8849472	PTK6 Down-Regulation	R-HSA-3000484	Scavenging by Class F Receptors	1.0	positive
R-HSA-8849472	PTK6 Down-Regulation	R-HSA-1839128	FGFR4 mutant receptor activation	1.0	positive
R-HSA-8849472	PTK6 Down-Regulation	R-HSA-171306	Packaging Of Telomere Ends	1.0	positive
R-HSA-8849472	PTK6 Down-Regulation	R-HSA-372708	p130Cas linkage to MAPK signaling for integrins	1.0	positive
R-HSA-8849472	PTK6 Down-Regulation	R-HSA-75158	TRAIL  signaling	1.0	positive
R-HSA-8849472	PTK6 Down-Regulation	R-HSA-354194	GRB2:SOS provides linkage to MAPK signaling for Integrins 	1.0	positive
R-HSA-8849472	PTK6 Down-Regulation	R-HSA-4720454	Defective ALG9 causes CDG-1l	1.0	positive
R-HSA-8849472	PTK6 Down-Regulation	R-HSA-9821993	Replacement of protamines by nucleosomes in the male pronucleus	1.0	positive
R-HSA-8849472	PTK6 Down-Regulation	R-HSA-2206292	MPS VII - Sly syndrome (Hyaluronan metabolism)	1.0	positive
R-HSA-8849472	PTK6 Down-Regulation	R-HSA-9953080	MPS VII - Sly syndrome (CS/DS degradation)	1.0	positive
R-HSA-8849472	PTK6 Down-Regulation	R-HSA-3371378	Regulation by c-FLIP	1.0	positive
R-HSA-8849472	PTK6 Down-Regulation	R-HSA-5218900	CASP8 activity is inhibited	1.0	positive
R-HSA-8849472	PTK6 Down-Regulation	R-HSA-69416	Dimerization of procaspase-8	1.0	positive
R-HSA-8849472	PTK6 Down-Regulation	R-HSA-9821002	Chromatin modifications during the maternal to zygotic transition (MZT)	1.0	positive
R-HSA-8849472	PTK6 Down-Regulation	R-HSA-73728	RNA Polymerase I Promoter Opening	1.0	positive
R-HSA-8849472	PTK6 Down-Regulation	R-HSA-110328	Recognition and association of DNA glycosylase with site containing an affected pyrimidine	1.0	positive
R-HSA-8849472	PTK6 Down-Regulation	R-HSA-110329	Cleavage of the damaged pyrimidine 	1.0	positive
R-HSA-8849472	PTK6 Down-Regulation	R-HSA-5674135	MAP2K and MAPK activation	1.0	positive
R-HSA-8849472	PTK6 Down-Regulation	R-HSA-9793242	SUMOylation of nuclear envelope proteins	1.0	positive
R-HSA-8849472	PTK6 Down-Regulation	R-HSA-5676934	Protein repair	-1.0	negative
R-HSA-8849472	PTK6 Down-Regulation	R-HSA-75893	TNF signaling	1.0	positive
R-HSA-8849472	PTK6 Down-Regulation	R-HSA-452723	Transcriptional regulation of pluripotent stem cells	1.0	positive
R-HSA-8849472	PTK6 Down-Regulation	R-HSA-71262	Carnitine synthesis	1.0	positive
R-HSA-8849472	PTK6 Down-Regulation	R-HSA-354192	Integrin signaling	1.0	positive
R-HSA-8849472	PTK6 Down-Regulation	R-HSA-1307965	betaKlotho-mediated ligand binding	1.0	positive
R-HSA-8849472	PTK6 Down-Regulation	R-HSA-68616	Assembly of the ORC complex at the origin of replication	1.0	positive
R-HSA-8849472	PTK6 Down-Regulation	R-HSA-5625886	Activated PKN1 stimulates transcription of AR (androgen receptor) regulated genes KLK2 and KLK3	1.0	positive
R-HSA-8849472	PTK6 Down-Regulation	R-HSA-5619056	Defective HK1 causes hexokinase deficiency (HK deficiency)	1.0	positive
R-HSA-8849472	PTK6 Down-Regulation	R-HSA-9840309	Glycosphingolipid biosynthesis	1.0	positive
R-HSA-8849472	PTK6 Down-Regulation	R-HSA-5213460	RIPK1-mediated regulated necrosis	1.0	positive
R-HSA-8849472	PTK6 Down-Regulation	R-HSA-111469	SMAC, XIAP-regulated apoptotic response	1.0	positive
R-HSA-8849472	PTK6 Down-Regulation	R-HSA-140342	Apoptosis induced DNA fragmentation	1.0	positive
R-HSA-8849472	PTK6 Down-Regulation	R-HSA-168138	Toll Like Receptor 9 (TLR9) Cascade	1.0	positive
R-HSA-8849472	PTK6 Down-Regulation	R-HSA-427413	NoRC negatively regulates rRNA expression	1.0	positive
R-HSA-8849472	PTK6 Down-Regulation	R-HSA-9793380	Formation of paraxial mesoderm	-1.0	negative
R-HSA-8849472	PTK6 Down-Regulation	R-HSA-8963901	Chylomicron remodeling	1.0	positive
R-HSA-8849472	PTK6 Down-Regulation	R-HSA-2644607	Loss of Function of FBXW7 in Cancer and NOTCH1 Signaling	-1.0	negative
R-HSA-8849472	PTK6 Down-Regulation	R-HSA-168179	Toll Like Receptor TLR1:TLR2 Cascade	-1.0	negative
R-HSA-8849472	PTK6 Down-Regulation	R-HSA-5578749	Transcriptional regulation by small RNAs	1.0	positive
R-HSA-8849472	PTK6 Down-Regulation	R-HSA-1839117	Signaling by cytosolic FGFR1 fusion mutants	1.0	positive
R-HSA-8849472	PTK6 Down-Regulation	R-HSA-5687128	MAPK6/MAPK4 signaling	1.0	positive
R-HSA-8849472	PTK6 Down-Regulation	R-HSA-446205	Synthesis of GDP-mannose	1.0	positive
R-HSA-8849472	PTK6 Down-Regulation	R-HSA-3214815	HDACs deacetylate histones	1.0	positive
R-HSA-8849472	PTK6 Down-Regulation	R-HSA-9927432	Developmental Lineage of Mammary Gland Myoepithelial Cells	1.0	positive
R-HSA-8849472	PTK6 Down-Regulation	R-HSA-8939236	RUNX1 regulates transcription of genes involved in differentiation of HSCs	1.0	positive
R-HSA-8849472	PTK6 Down-Regulation	R-HSA-202733	Cell surface interactions at the vascular wall	1.0	positive
R-HSA-8849472	PTK6 Down-Regulation	R-HSA-6787450	tRNA modification in the mitochondrion	1.0	positive
R-HSA-8849472	PTK6 Down-Regulation	R-HSA-9610379	HCMV Late Events	1.0	positive
R-HSA-8849472	PTK6 Down-Regulation	R-HSA-9840373	Cellular response to mitochondrial stress	1.0	positive
R-HSA-8849472	PTK6 Down-Regulation	R-HSA-381340	Transcriptional regulation of white adipocyte differentiation	1.0	positive
R-HSA-8849472	PTK6 Down-Regulation	R-HSA-3214842	HDMs demethylate histones	1.0	positive
R-HSA-8849472	PTK6 Down-Regulation	R-HSA-1251932	PLCG1 events in ERBB2 signaling	1.0	positive
R-HSA-8849472	PTK6 Down-Regulation	R-HSA-192814	vRNA Synthesis	1.0	positive
R-HSA-8849472	PTK6 Down-Regulation	R-HSA-180336	SHC1 events in EGFR signaling	1.0	positive
R-HSA-8849472	PTK6 Down-Regulation	R-HSA-8955332	Carboxyterminal post-translational modifications of tubulin	1.0	positive
R-HSA-8849472	PTK6 Down-Regulation	R-HSA-212718	EGFR interacts with phospholipase C-gamma	1.0	positive
R-HSA-8849472	PTK6 Down-Regulation	R-HSA-5638303	Inhibition of Signaling by Overexpressed EGFR	1.0	positive
R-HSA-8849472	PTK6 Down-Regulation	R-HSA-72203	Processing of Capped Intron-Containing Pre-mRNA	1.0	positive
R-HSA-8849472	PTK6 Down-Regulation	R-HSA-9703465	Signaling by FLT3 fusion proteins	1.0	positive
R-HSA-8849472	PTK6 Down-Regulation	R-HSA-2672351	Stimuli-sensing channels	1.0	positive
R-HSA-8849472	PTK6 Down-Regulation	R-HSA-205043	NRIF signals cell death from the nucleus	-1.0	negative
R-HSA-8849472	PTK6 Down-Regulation	R-HSA-3000480	Scavenging by Class A Receptors	1.0	positive
R-HSA-8849472	PTK6 Down-Regulation	R-HSA-9609690	HCMV Early Events	1.0	positive
R-HSA-8849472	PTK6 Down-Regulation	R-HSA-179812	GRB2 events in EGFR signaling	1.0	positive
R-HSA-8849472	PTK6 Down-Regulation	R-HSA-204174	Regulation of pyruvate dehydrogenase (PDH) complex	1.0	positive
R-HSA-8849472	PTK6 Down-Regulation	R-HSA-9841922	MLL4 and MLL3 complexes regulate expression of PPARG target genes in adipogenesis and hepatic steatosis	1.0	positive
R-HSA-8849472	PTK6 Down-Regulation	R-HSA-75876	Synthesis of very long-chain fatty acyl-CoAs	1.0	positive
R-HSA-8849472	PTK6 Down-Regulation	R-HSA-5619089	Defective SLC6A5 causes hyperekplexia 3 (HKPX3)	1.0	positive
R-HSA-8849472	PTK6 Down-Regulation	R-HSA-9696270	RND2 GTPase cycle	1.0	positive
R-HSA-8849472	PTK6 Down-Regulation	R-HSA-205017	NFG and proNGF binds to p75NTR	-1.0	negative
R-HSA-8849472	PTK6 Down-Regulation	R-HSA-190840	Microtubule-dependent trafficking of connexons from Golgi to the plasma membrane	1.0	positive
R-HSA-8849472	PTK6 Down-Regulation	R-HSA-209563	Axonal growth stimulation	-1.0	negative
R-HSA-8849472	PTK6 Down-Regulation	R-HSA-72731	Recycling of eIF2:GDP	1.0	positive
R-HSA-8849472	PTK6 Down-Regulation	R-HSA-9668328	Sealing of the nuclear envelope (NE) by ESCRT-III	1.0	positive
R-HSA-8849472	PTK6 Down-Regulation	R-HSA-5620920	Cargo trafficking to the periciliary membrane	1.0	positive
R-HSA-8849472	PTK6 Down-Regulation	R-HSA-391160	Signal regulatory protein family interactions	1.0	positive
R-HSA-8849472	PTK6 Down-Regulation	R-HSA-1483255	PI Metabolism	1.0	positive
R-HSA-8849472	PTK6 Down-Regulation	R-HSA-3359474	Defective MMACHC causes MAHCC	1.0	positive
R-HSA-8849472	PTK6 Down-Regulation	R-HSA-5685939	HDR through MMEJ (alt-NHEJ)	1.0	positive
R-HSA-8849472	PTK6 Down-Regulation	R-HSA-381771	Synthesis, secretion, and inactivation of Glucagon-like Peptide-1 (GLP-1)	1.0	positive
R-HSA-8849472	PTK6 Down-Regulation	R-HSA-1462054	Alpha-defensins	1.0	positive
R-HSA-8849472	PTK6 Down-Regulation	R-HSA-380612	Metabolism of serotonin	1.0	positive
R-HSA-8849472	PTK6 Down-Regulation	R-HSA-442982	Ras activation upon Ca2+ influx through NMDA receptor	-1.0	negative
R-HSA-8849472	PTK6 Down-Regulation	R-HSA-5632928	Defective Mismatch Repair Associated With MSH2	1.0	positive
R-HSA-8849472	PTK6 Down-Regulation	R-HSA-9706019	RHOBTB3 ATPase cycle	1.0	positive
R-HSA-8849472	PTK6 Down-Regulation	R-HSA-167590	Nef Mediated CD4 Down-regulation	-1.0	negative
R-HSA-8849472	PTK6 Down-Regulation	R-HSA-8932505	DAG1 core M3 glycosylations	1.0	positive
R-HSA-8849472	PTK6 Down-Regulation	R-HSA-2022870	CS-GAG biosynthesis	1.0	positive
R-HSA-8849472	PTK6 Down-Regulation	R-HSA-5632927	Defective Mismatch Repair Associated With MSH3	1.0	positive
R-HSA-8849472	PTK6 Down-Regulation	R-HSA-9968551	Regulation of GBP-mediated host defense	1.0	positive
R-HSA-8849472	PTK6 Down-Regulation	R-HSA-947581	Molybdenum cofactor biosynthesis	-1.0	negative
R-HSA-8849472	PTK6 Down-Regulation	R-HSA-2454202	Fc epsilon receptor (FCERI) signaling	1.0	positive
R-HSA-8849472	PTK6 Down-Regulation	R-HSA-182218	Nef Mediated CD8 Down-regulation	-1.0	negative
R-HSA-8849472	PTK6 Down-Regulation	R-HSA-9686347	Microbial modulation of RIPK1-mediated regulated necrosis	-1.0	negative
R-HSA-8849472	PTK6 Down-Regulation	R-HSA-9018679	Biosynthesis of EPA-derived SPMs	-1.0	negative
R-HSA-8849472	PTK6 Down-Regulation	R-HSA-9025094	Biosynthesis of DPAn-3 SPMs	-1.0	negative
R-HSA-5619036	Defective SLC24A5 causes oculocutaneous albinism 6 (OCA6)	R-HSA-5579024	Defective MAT1A causes MATD	1.0	positive
R-HSA-5619036	Defective SLC24A5 causes oculocutaneous albinism 6 (OCA6)	R-HSA-9796292	Formation of axial mesoderm	-1.0	negative
R-HSA-5619036	Defective SLC24A5 causes oculocutaneous albinism 6 (OCA6)	R-HSA-975574	Reactions specific to the hybrid N-glycan synthesis pathway	1.0	positive
R-HSA-169131	Inhibition of PKR	R-HSA-5656364	Defective SLC5A1 causes congenital glucose/galactose malabsorption (GGM)	1.0	positive
R-HSA-169131	Inhibition of PKR	R-HSA-5655799	Defective SLC40A1 causes hemochromatosis 4 (HFE4) (duodenum)	1.0	positive
R-HSA-169131	Inhibition of PKR	R-HSA-5579000	Defective CYP1B1 causes Glaucoma	1.0	positive
R-HSA-169131	Inhibition of PKR	R-HSA-196819	Vitamin B1 (thiamin) metabolism	1.0	positive
R-HSA-169131	Inhibition of PKR	R-HSA-5579020	Defective SLC35D1 causes SCHBCKD	1.0	positive
R-HSA-169131	Inhibition of PKR	R-HSA-425397	Transport of vitamins, nucleosides, and related molecules	1.0	positive
R-HSA-169131	Inhibition of PKR	R-HSA-9672391	Defective F8 cleavage by thrombin	1.0	positive
R-HSA-169131	Inhibition of PKR	R-HSA-1299361	TWIK-related alkaline pH activated K+ channel (TALK)	1.0	positive
R-HSA-169131	Inhibition of PKR	R-HSA-9672393	Defective F8 binding to von Willebrand factor	1.0	positive
R-HSA-169131	Inhibition of PKR	R-HSA-9959399	SLC-mediated transport of oligopeptides	1.0	positive
R-HSA-169131	Inhibition of PKR	R-HSA-9726840	SHOC2 M1731 mutant abolishes MRAS complex function	1.0	positive
R-HSA-169131	Inhibition of PKR	R-HSA-9726842	Gain-of-function MRAS complexes activate RAF signaling	1.0	positive
R-HSA-169131	Inhibition of PKR	R-HSA-425561	Sodium/Calcium exchangers	-1.0	negative
R-HSA-169131	Inhibition of PKR	R-HSA-71288	Creatine metabolism	1.0	positive
R-HSA-169131	Inhibition of PKR	R-HSA-162699	Synthesis of dolichyl-phosphate mannose	-1.0	negative
R-HSA-169131	Inhibition of PKR	R-HSA-4717374	Defective DPM1 causes DPM1-CDG	-1.0	negative
R-HSA-169131	Inhibition of PKR	R-HSA-4719360	Defective DPM3 causes DPM3-CDG	-1.0	negative
R-HSA-169131	Inhibition of PKR	R-HSA-4719377	Defective DPM2 causes DPM2-CDG	-1.0	negative
R-HSA-169131	Inhibition of PKR	R-HSA-5579004	Defective CYP26C1 causes FFDD4	-1.0	negative
R-HSA-169131	Inhibition of PKR	R-HSA-171286	Synthesis and processing of ENV and VPU	1.0	positive
R-HSA-169131	Inhibition of PKR	R-HSA-380095	Tachykinin receptors bind tachykinins	1.0	positive
R-HSA-169131	Inhibition of PKR	R-HSA-9845622	Defective VWF binding to collagen type I 	1.0	positive
R-HSA-169131	Inhibition of PKR	R-HSA-1234174	Cellular response to hypoxia	1.0	positive
R-HSA-169131	Inhibition of PKR	R-HSA-4570571	Defective RFT1 causes CDG-1n	1.0	positive
R-HSA-169131	Inhibition of PKR	R-HSA-9861559	PDH complex synthesizes acetyl-CoA from PYR	1.0	positive
R-HSA-169131	Inhibition of PKR	R-HSA-446107	Type I hemidesmosome assembly	1.0	positive
R-HSA-169131	Inhibition of PKR	R-HSA-5619049	Defective SLC40A1 causes hemochromatosis 4 (HFE4) (macrophages)	1.0	positive
R-HSA-169131	Inhibition of PKR	R-HSA-5619060	Defective CP causes aceruloplasminemia (ACERULOP)	1.0	positive
R-HSA-169131	Inhibition of PKR	R-HSA-9843970	Regulation of endogenous retroelements by the Human Silencing Hub (HUSH) complex	1.0	positive
R-HSA-169131	Inhibition of PKR	R-HSA-2559585	Oncogene Induced Senescence	1.0	positive
R-HSA-169131	Inhibition of PKR	R-HSA-9845619	Enhanced cleavage of VWF variant by ADAMTS13	1.0	positive
R-HSA-169131	Inhibition of PKR	R-HSA-9845621	Defective VWF cleavage by ADAMTS13 variant	1.0	positive
R-HSA-169131	Inhibition of PKR	R-HSA-6804760	Regulation of TP53 Activity through Methylation	1.0	positive
R-HSA-169131	Inhibition of PKR	R-HSA-5693565	Recruitment and ATM-mediated phosphorylation of repair and signaling proteins at DNA double strand breaks	1.0	positive
R-HSA-169131	Inhibition of PKR	R-HSA-8847453	Synthesis of PIPs in the nucleus	1.0	positive
R-HSA-169131	Inhibition of PKR	R-HSA-76009	Platelet Aggregation (Plug Formation)	1.0	positive
R-HSA-169131	Inhibition of PKR	R-HSA-8853884	Transcriptional Regulation by VENTX	1.0	positive
R-HSA-169131	Inhibition of PKR	R-HSA-2559582	Senescence-Associated Secretory Phenotype (SASP)	1.0	positive
R-HSA-169131	Inhibition of PKR	R-HSA-5675482	Regulation of necroptotic cell death	1.0	positive
R-HSA-169131	Inhibition of PKR	R-HSA-9845620	Enhanced binding of GP1BA variant to VWF multimer:collagen 	1.0	positive
R-HSA-169131	Inhibition of PKR	R-HSA-9846298	Defective binding of VWF variant to GPIb:IX:V	1.0	positive
R-HSA-169131	Inhibition of PKR	R-HSA-6802948	Signaling by high-kinase activity BRAF mutants	1.0	positive
R-HSA-169131	Inhibition of PKR	R-HSA-196843	Vitamin B2 (riboflavin) metabolism	1.0	positive
R-HSA-169131	Inhibition of PKR	R-HSA-1358803	Downregulation of ERBB2:ERBB3 signaling	1.0	positive
R-HSA-169131	Inhibition of PKR	R-HSA-2559586	DNA Damage/Telomere Stress Induced Senescence	1.0	positive
R-HSA-169131	Inhibition of PKR	R-HSA-1483076	Synthesis of CL	1.0	positive
R-HSA-169131	Inhibition of PKR	R-HSA-933541	TRAF6 mediated IRF7 activation	1.0	positive
R-HSA-169131	Inhibition of PKR	R-HSA-2408552	Methylation of MeSeH for excretion	1.0	positive
R-HSA-169131	Inhibition of PKR	R-HSA-427359	SIRT1 negatively regulates rRNA expression	1.0	positive
R-HSA-169131	Inhibition of PKR	R-HSA-9734091	Drug-mediated inhibition of MET activation	1.0	positive
R-HSA-169131	Inhibition of PKR	R-HSA-8863795	Downregulation of ERBB2 signaling	1.0	positive
R-HSA-169131	Inhibition of PKR	R-HSA-190322	FGFR4 ligand binding and activation	1.0	positive
R-HSA-169131	Inhibition of PKR	R-HSA-140837	Intrinsic Pathway of Fibrin Clot Formation	1.0	positive
R-HSA-169131	Inhibition of PKR	R-HSA-5250992	Toxicity of botulinum toxin type E (botE)	1.0	positive
R-HSA-169131	Inhibition of PKR	R-HSA-1306955	GRB7 events in ERBB2 signaling	1.0	positive
R-HSA-169131	Inhibition of PKR	R-HSA-379401	Dopamine clearance from the synaptic cleft	1.0	positive
R-HSA-169131	Inhibition of PKR	R-HSA-5619081	Defective SLC6A3 causes Parkinsonism-dystonia infantile (PKDYS)	1.0	positive
R-HSA-169131	Inhibition of PKR	R-HSA-5660724	Defective SLC6A3 causes Parkinsonism-dystonia infantile (PKDYS)	1.0	positive
R-HSA-169131	Inhibition of PKR	R-HSA-2206282	MPS IIIB - Sanfilippo syndrome B	1.0	positive
R-HSA-169131	Inhibition of PKR	R-HSA-9656223	Signaling by RAF1 mutants	1.0	positive
R-HSA-169131	Inhibition of PKR	R-HSA-2559580	Oxidative Stress Induced Senescence	1.0	positive
R-HSA-169131	Inhibition of PKR	R-HSA-442742	CREB1 phosphorylation through NMDA receptor-mediated activation of RAS signaling	1.0	positive
R-HSA-169131	Inhibition of PKR	R-HSA-6802946	Signaling by moderate kinase activity BRAF mutants	1.0	positive
R-HSA-169131	Inhibition of PKR	R-HSA-6802955	Paradoxical activation of RAF signaling by kinase inactive BRAF	1.0	positive
R-HSA-169131	Inhibition of PKR	R-HSA-9649948	Signaling downstream of RAS mutants	1.0	positive
R-HSA-169131	Inhibition of PKR	R-HSA-71240	Tryptophan catabolism	-1.0	negative
R-HSA-169131	Inhibition of PKR	R-HSA-380270	Recruitment of mitotic centrosome proteins and complexes	1.0	positive
R-HSA-169131	Inhibition of PKR	R-HSA-430116	GP1b-IX-V activation signalling	1.0	positive
R-HSA-169131	Inhibition of PKR	R-HSA-177929	Signaling by EGFR	1.0	positive
R-HSA-169131	Inhibition of PKR	R-HSA-9615710	Late endosomal microautophagy	1.0	positive
R-HSA-169131	Inhibition of PKR	R-HSA-5250955	Toxicity of botulinum toxin type D (botD)	1.0	positive
R-HSA-169131	Inhibition of PKR	R-HSA-5250981	Toxicity of botulinum toxin type F (botF)	1.0	positive
R-HSA-169131	Inhibition of PKR	R-HSA-381038	XBP1(S) activates chaperone genes	1.0	positive
R-HSA-169131	Inhibition of PKR	R-HSA-69231	Cyclin D associated events in G1	1.0	positive
R-HSA-169131	Inhibition of PKR	R-HSA-9694614	Attachment and Entry	1.0	positive
R-HSA-169131	Inhibition of PKR	R-HSA-418886	Netrin mediated repulsion signals	1.0	positive
R-HSA-169131	Inhibition of PKR	R-HSA-69205	G1/S-Specific Transcription	1.0	positive
R-HSA-169131	Inhibition of PKR	R-HSA-9958517	SLC-mediated bile acid transport	1.0	positive
R-HSA-169131	Inhibition of PKR	R-HSA-9613829	Chaperone Mediated Autophagy	1.0	positive
R-HSA-169131	Inhibition of PKR	R-HSA-9018519	Estrogen-dependent gene expression	1.0	positive
R-HSA-169131	Inhibition of PKR	R-HSA-8983711	OAS antiviral response	1.0	positive
R-HSA-169131	Inhibition of PKR	R-HSA-9845576	Glycosphingolipid transport	-1.0	negative
R-HSA-169131	Inhibition of PKR	R-HSA-901032	ER Quality Control Compartment (ERQC)	1.0	positive
R-HSA-169131	Inhibition of PKR	R-HSA-3214847	HATs acetylate histones	1.0	positive
R-HSA-169131	Inhibition of PKR	R-HSA-9969896	Lanosterol biosynthesis	1.0	positive
R-HSA-169131	Inhibition of PKR	R-HSA-6804114	TP53 Regulates Transcription of Genes Involved in G2 Cell Cycle Arrest	1.0	positive
R-HSA-169131	Inhibition of PKR	R-HSA-201451	Signaling by BMP	1.0	positive
R-HSA-169131	Inhibition of PKR	R-HSA-5627083	RHO GTPases regulate CFTR trafficking	1.0	positive
R-HSA-169131	Inhibition of PKR	R-HSA-2142816	Synthesis of (16-20)-hydroxyeicosatetraenoic acids (HETE)	1.0	positive
R-HSA-169131	Inhibition of PKR	R-HSA-444257	RSK activation	1.0	positive
R-HSA-169131	Inhibition of PKR	R-HSA-9948011	CASP5 inflammasome assembly	1.0	positive
R-HSA-169131	Inhibition of PKR	R-HSA-8953750	Transcriptional Regulation by E2F6	1.0	positive
R-HSA-169131	Inhibition of PKR	R-HSA-2565942	Regulation of PLK1 Activity at G2/M Transition	1.0	positive
R-HSA-169131	Inhibition of PKR	R-HSA-375165	NCAM signaling for neurite out-growth	1.0	positive
R-HSA-169131	Inhibition of PKR	R-HSA-1433617	Regulation of signaling by NODAL	1.0	positive
R-HSA-169131	Inhibition of PKR	R-HSA-164843	2-LTR circle formation	-1.0	negative
R-HSA-169131	Inhibition of PKR	R-HSA-164939	Nef mediated downregulation of CD28 cell surface expression	1.0	positive
R-HSA-169131	Inhibition of PKR	R-HSA-180292	GAB1 signalosome	1.0	positive
R-HSA-169131	Inhibition of PKR	R-HSA-9820960	Respiratory syncytial virus (RSV) attachment and entry	1.0	positive
R-HSA-169131	Inhibition of PKR	R-HSA-198753	ERK/MAPK targets	1.0	positive
R-HSA-169131	Inhibition of PKR	R-HSA-8847993	ERBB2 Activates PTK6 Signaling	1.0	positive
R-HSA-169131	Inhibition of PKR	R-HSA-8877330	RUNX1 and FOXP3 control the development of regulatory T lymphocytes (Tregs)	1.0	positive
R-HSA-169131	Inhibition of PKR	R-HSA-159782	Removal of aminoterminal propeptides from gamma-carboxylated proteins	1.0	positive
R-HSA-169131	Inhibition of PKR	R-HSA-1632852	Macroautophagy	1.0	positive
R-HSA-169131	Inhibition of PKR	R-HSA-6811555	PI5P Regulates TP53 Acetylation	1.0	positive
R-HSA-169131	Inhibition of PKR	R-HSA-5654228	Phospholipase C-mediated cascade; FGFR4	1.0	positive
R-HSA-169131	Inhibition of PKR	R-HSA-9845323	Regulation of endogenous retroelements by Piwi-interacting RNAs (piRNAs)	1.0	positive
R-HSA-169131	Inhibition of PKR	R-HSA-380320	Recruitment of NuMA to mitotic centrosomes	1.0	positive
R-HSA-169131	Inhibition of PKR	R-HSA-8964011	HDL clearance	1.0	positive
R-HSA-169131	Inhibition of PKR	R-HSA-5693607	Processing of DNA double-strand break ends	1.0	positive
R-HSA-169131	Inhibition of PKR	R-HSA-400511	Synthesis, secretion, and inactivation of Glucose-dependent Insulinotropic Polypeptide (GIP)	1.0	positive
R-HSA-169131	Inhibition of PKR	R-HSA-1482839	Acyl chain remodelling of PE	1.0	positive
R-HSA-169131	Inhibition of PKR	R-HSA-3656237	Defective EXT2 causes exostoses 2	1.0	positive
R-HSA-169131	Inhibition of PKR	R-HSA-3656253	Defective EXT1 causes exostoses 1, TRPS2 and CHDS	1.0	positive
R-HSA-169131	Inhibition of PKR	R-HSA-5689880	Ub-specific processing proteases	1.0	positive
R-HSA-169131	Inhibition of PKR	R-HSA-73772	RNA Polymerase I Promoter Escape	1.0	positive
R-HSA-169131	Inhibition of PKR	R-HSA-9818030	NFE2L2 regulating tumorigenic genes	-1.0	negative
R-HSA-169131	Inhibition of PKR	R-HSA-3371571	HSF1-dependent transactivation	1.0	positive
R-HSA-169131	Inhibition of PKR	R-HSA-3371511	HSF1 activation	1.0	positive
R-HSA-169131	Inhibition of PKR	R-HSA-6809371	Formation of the cornified envelope	1.0	positive
R-HSA-169131	Inhibition of PKR	R-HSA-6785807	Interleukin-4 and Interleukin-13 signaling	1.0	positive
R-HSA-169131	Inhibition of PKR	R-HSA-1482925	Acyl chain remodelling of PG	1.0	positive
R-HSA-169131	Inhibition of PKR	R-HSA-389357	CD28 dependent PI3K/Akt signaling	1.0	positive
R-HSA-169131	Inhibition of PKR	R-HSA-159763	Transport of gamma-carboxylated protein precursors from the endoplasmic reticulum to the Golgi apparatus	1.0	positive
R-HSA-169131	Inhibition of PKR	R-HSA-9665686	Signaling by ERBB2 TMD/JMD mutants	1.0	positive
R-HSA-169131	Inhibition of PKR	R-HSA-1362277	Transcription of E2F targets under negative control by DREAM complex	1.0	positive
R-HSA-169131	Inhibition of PKR	R-HSA-1483213	Synthesis of PE	-1.0	negative
R-HSA-169131	Inhibition of PKR	R-HSA-71737	Pyrophosphate hydrolysis	1.0	positive
R-HSA-169131	Inhibition of PKR	R-HSA-3928662	EPHB-mediated forward signaling	1.0	positive
R-HSA-169131	Inhibition of PKR	R-HSA-5654733	Negative regulation of FGFR4 signaling	1.0	positive
R-HSA-169131	Inhibition of PKR	R-HSA-5660862	Defective SLC7A7 causes lysinuric protein intolerance (LPI)	1.0	positive
R-HSA-169131	Inhibition of PKR	R-HSA-9865881	Complex III assembly	1.0	positive
R-HSA-169131	Inhibition of PKR	R-HSA-9933387	RORA,B,C and NR1D1 (REV-ERBA) regulate gene expression	1.0	positive
R-HSA-169131	Inhibition of PKR	R-HSA-977225	Amyloid fiber formation	1.0	positive
R-HSA-169131	Inhibition of PKR	R-HSA-72200	mRNA Editing: C to U Conversion	1.0	positive
R-HSA-169131	Inhibition of PKR	R-HSA-75094	Formation of the Editosome	1.0	positive
R-HSA-169131	Inhibition of PKR	R-HSA-3238698	WNT ligand biogenesis and trafficking	1.0	positive
R-HSA-169131	Inhibition of PKR	R-HSA-9705671	SARS-CoV-2 activates/modulates innate and adaptive immune responses	1.0	positive
R-HSA-169131	Inhibition of PKR	R-HSA-881907	Gastrin-CREB signalling pathway via PKC and MAPK	1.0	positive
R-HSA-169131	Inhibition of PKR	R-HSA-1227986	Signaling by ERBB2	1.0	positive
R-HSA-169131	Inhibition of PKR	R-HSA-9646399	Aggrephagy	1.0	positive
R-HSA-169131	Inhibition of PKR	R-HSA-9918481	Dengue Virus-Host Interactions	1.0	positive
R-HSA-169131	Inhibition of PKR	R-HSA-1234158	Regulation of gene expression by Hypoxia-inducible Factor	1.0	positive
R-HSA-169131	Inhibition of PKR	R-HSA-975634	Retinoid metabolism and transport	1.0	positive
R-HSA-169131	Inhibition of PKR	R-HSA-5688031	Defective pro-SFTPB causes SMDP1 and RDS	1.0	positive
R-HSA-169131	Inhibition of PKR	R-HSA-1234176	Oxygen-dependent proline hydroxylation of Hypoxia-inducible Factor Alpha	1.0	positive
R-HSA-169131	Inhibition of PKR	R-HSA-445095	Interaction between L1 and Ankyrins	1.0	positive
R-HSA-169131	Inhibition of PKR	R-HSA-9639288	Amino acids regulate mTORC1	1.0	positive
R-HSA-169131	Inhibition of PKR	R-HSA-174411	Polymerase switching on the C-strand of the telomere	1.0	positive
R-HSA-169131	Inhibition of PKR	R-HSA-6784531	tRNA processing in the nucleus	1.0	positive
R-HSA-169131	Inhibition of PKR	R-HSA-141430	Inactivation of APC/C via direct inhibition of the APC/C complex	1.0	positive
R-HSA-169131	Inhibition of PKR	R-HSA-176409	APC/C:Cdc20 mediated degradation of mitotic proteins	1.0	positive
R-HSA-169131	Inhibition of PKR	R-HSA-9918432	Maturation of DENV proteins	1.0	positive
R-HSA-169131	Inhibition of PKR	R-HSA-9707616	Heme signaling	1.0	positive
R-HSA-169131	Inhibition of PKR	R-HSA-6802952	Signaling by BRAF and RAF1 fusions	1.0	positive
R-HSA-169131	Inhibition of PKR	R-HSA-1369062	ABC transporters in lipid homeostasis	1.0	positive
R-HSA-169131	Inhibition of PKR	R-HSA-389359	CD28 dependent Vav1 pathway	1.0	positive
R-HSA-169131	Inhibition of PKR	R-HSA-9770562	mRNA Polyadenylation	1.0	positive
R-HSA-169131	Inhibition of PKR	R-HSA-180585	Vif-mediated degradation of APOBEC3G	1.0	positive
R-HSA-169131	Inhibition of PKR	R-HSA-1538133	G0 and Early G1	1.0	positive
R-HSA-169131	Inhibition of PKR	R-HSA-6804757	Regulation of TP53 Degradation	1.0	positive
R-HSA-169131	Inhibition of PKR	R-HSA-400206	Regulation of lipid metabolism by PPARalpha	1.0	positive
R-HSA-169131	Inhibition of PKR	R-HSA-176407	Conversion from APC/C:Cdc20 to APC/C:Cdh1 in late anaphase	1.0	positive
R-HSA-169131	Inhibition of PKR	R-HSA-74752	Signaling by Insulin receptor	1.0	positive
R-HSA-169131	Inhibition of PKR	R-HSA-1250196	SHC1 events in ERBB2 signaling	1.0	positive
R-HSA-169131	Inhibition of PKR	R-HSA-75892	Platelet Adhesion to exposed collagen	1.0	positive
R-HSA-169131	Inhibition of PKR	R-HSA-420499	Class C/3 (Metabotropic glutamate/pheromone receptors)	1.0	positive
R-HSA-169131	Inhibition of PKR	R-HSA-5221030	TET1,2,3 and TDG demethylate DNA	1.0	positive
R-HSA-169131	Inhibition of PKR	R-HSA-167161	HIV Transcription Initiation	1.0	positive
R-HSA-169131	Inhibition of PKR	R-HSA-167162	RNA Polymerase II HIV Promoter Escape	1.0	positive
R-HSA-169131	Inhibition of PKR	R-HSA-167172	Transcription of the HIV genome	1.0	positive
R-HSA-169131	Inhibition of PKR	R-HSA-73776	RNA Polymerase II Promoter Escape	1.0	positive
R-HSA-169131	Inhibition of PKR	R-HSA-73779	RNA Polymerase II Transcription Pre-Initiation And Promoter Opening	1.0	positive
R-HSA-169131	Inhibition of PKR	R-HSA-75953	RNA Polymerase II Transcription Initiation	1.0	positive
R-HSA-169131	Inhibition of PKR	R-HSA-76042	RNA Polymerase II Transcription Initiation And Promoter Clearance	1.0	positive
R-HSA-169131	Inhibition of PKR	R-HSA-199920	CREB phosphorylation	1.0	positive
R-HSA-169131	Inhibition of PKR	R-HSA-72165	mRNA Splicing - Minor Pathway	1.0	positive
R-HSA-169131	Inhibition of PKR	R-HSA-1236382	Constitutive Signaling by Ligand-Responsive EGFR Cancer Variants	1.0	positive
R-HSA-169131	Inhibition of PKR	R-HSA-446193	Biosynthesis of the N-glycan precursor (dolichol lipid-linked oligosaccharide, LLO) and transfer to a nascent protein	1.0	positive
R-HSA-169131	Inhibition of PKR	R-HSA-174184	Cdc20:Phospho-APC/C mediated degradation of Cyclin A	1.0	positive
R-HSA-169131	Inhibition of PKR	R-HSA-69202	Cyclin E associated events during G1/S transition 	1.0	positive
R-HSA-169131	Inhibition of PKR	R-HSA-1362300	Transcription of E2F targets under negative control by p107 (RBL1) and p130 (RBL2) in complex with HDAC1	1.0	positive
R-HSA-169131	Inhibition of PKR	R-HSA-373756	SDK interactions	1.0	positive
R-HSA-169131	Inhibition of PKR	R-HSA-3299685	Detoxification of Reactive Oxygen Species	1.0	positive
R-HSA-169131	Inhibition of PKR	R-HSA-9696264	RND3 GTPase cycle	1.0	positive
R-HSA-169131	Inhibition of PKR	R-HSA-9667769	Acetylcholine inhibits contraction of outer hair cells	1.0	positive
R-HSA-169131	Inhibition of PKR	R-HSA-174178	APC/C:Cdh1 mediated degradation of Cdc20 and other APC/C:Cdh1 targeted proteins in late mitosis/early G1	1.0	positive
R-HSA-169131	Inhibition of PKR	R-HSA-1257604	PIP3 activates AKT signaling	1.0	positive
R-HSA-169131	Inhibition of PKR	R-HSA-450408	AUF1 (hnRNP D0) binds and destabilizes mRNA	1.0	positive
R-HSA-169131	Inhibition of PKR	R-HSA-9938206	Developmental Lineage of Mammary Stem Cells	1.0	positive
R-HSA-169131	Inhibition of PKR	R-HSA-3108214	SUMOylation of DNA damage response and repair proteins	1.0	positive
R-HSA-169131	Inhibition of PKR	R-HSA-9918485	Dengue Virus Attachment and Entry	1.0	positive
R-HSA-169131	Inhibition of PKR	R-HSA-3371568	Attenuation phase	1.0	positive
R-HSA-169131	Inhibition of PKR	R-HSA-983168	Antigen processing: Ubiquitination & Proteasome degradation	1.0	positive
R-HSA-169131	Inhibition of PKR	R-HSA-1989781	PPARA activates gene expression	1.0	positive
R-HSA-169131	Inhibition of PKR	R-HSA-2151201	Transcriptional activation of mitochondrial biogenesis	1.0	positive
R-HSA-169131	Inhibition of PKR	R-HSA-5696394	DNA Damage Recognition in GG-NER	1.0	positive
R-HSA-169131	Inhibition of PKR	R-HSA-419037	NCAM1 interactions	1.0	positive
R-HSA-169131	Inhibition of PKR	R-HSA-1296067	Potassium transport channels	1.0	positive
R-HSA-169131	Inhibition of PKR	R-HSA-9844594	Transcriptional regulation of brown and beige adipocyte differentiation by EBF2	1.0	positive
R-HSA-169131	Inhibition of PKR	R-HSA-3301854	Nuclear Pore Complex (NPC) Disassembly	1.0	positive
R-HSA-169131	Inhibition of PKR	R-HSA-6791226	Major pathway of rRNA processing in the nucleolus and cytosol	1.0	positive
R-HSA-169131	Inhibition of PKR	R-HSA-174084	Autodegradation of Cdh1 by Cdh1:APC/C	1.0	positive
R-HSA-169131	Inhibition of PKR	R-HSA-174154	APC/C:Cdc20 mediated degradation of Securin	1.0	positive
R-HSA-169131	Inhibition of PKR	R-HSA-390247	Beta-oxidation of very long chain fatty acids	1.0	positive
R-HSA-169131	Inhibition of PKR	R-HSA-1482788	Acyl chain remodelling of PC	1.0	positive
R-HSA-169131	Inhibition of PKR	R-HSA-4085377	SUMOylation of SUMOylation proteins	1.0	positive
R-HSA-169131	Inhibition of PKR	R-HSA-937039	IRAK1 recruits IKK complex	1.0	positive
R-HSA-169131	Inhibition of PKR	R-HSA-975144	IRAK1 recruits IKK complex upon TLR7/8 or 9 stimulation	1.0	positive
R-HSA-169131	Inhibition of PKR	R-HSA-8964539	Glutamate and glutamine metabolism	1.0	positive
R-HSA-169131	Inhibition of PKR	R-HSA-6811558	PI5P, PP2A and IER3 Regulate PI3K/AKT Signaling	1.0	positive
R-HSA-169131	Inhibition of PKR	R-HSA-73762	RNA Polymerase I Transcription Initiation	1.0	positive
R-HSA-169131	Inhibition of PKR	R-HSA-1368108	BMAL1:CLOCK,NPAS2 activates circadian expression	1.0	positive
R-HSA-169131	Inhibition of PKR	R-HSA-3560801	Defective B3GAT3 causes JDSSDHD	1.0	positive
R-HSA-169131	Inhibition of PKR	R-HSA-2470946	Cohesin Loading onto Chromatin	1.0	positive
R-HSA-169131	Inhibition of PKR	R-HSA-4420332	Defective B3GALT6 causes EDSP2 and SEMDJL1	1.0	positive
R-HSA-169131	Inhibition of PKR	R-HSA-8874081	MET activates PTK2 signaling	1.0	positive
R-HSA-169131	Inhibition of PKR	R-HSA-3560783	Defective B4GALT7 causes EDS, progeroid type	1.0	positive
R-HSA-169131	Inhibition of PKR	R-HSA-9664565	Signaling by ERBB2 KD Mutants	1.0	positive
R-HSA-169131	Inhibition of PKR	R-HSA-69656	Cyclin A:Cdk2-associated events at S phase entry	1.0	positive
R-HSA-169131	Inhibition of PKR	R-HSA-165181	Inhibition of TSC complex formation by PKB	1.0	positive
R-HSA-169131	Inhibition of PKR	R-HSA-8854050	FBXL7 down-regulates AURKA during mitotic entry and in early mitosis	1.0	positive
R-HSA-169131	Inhibition of PKR	R-HSA-159236	Transport of Mature mRNA derived from an Intron-Containing Transcript	1.0	positive
R-HSA-169131	Inhibition of PKR	R-HSA-8948751	Regulation of PTEN stability and activity	1.0	positive
R-HSA-169131	Inhibition of PKR	R-HSA-1963640	GRB2 events in ERBB2 signaling	1.0	positive
R-HSA-169131	Inhibition of PKR	R-HSA-72163	mRNA Splicing - Major Pathway	1.0	positive
R-HSA-169131	Inhibition of PKR	R-HSA-9933937	Formation of the canonical BAF (cBAF) complex	1.0	positive
R-HSA-169131	Inhibition of PKR	R-HSA-525793	Myogenesis	1.0	positive
R-HSA-169131	Inhibition of PKR	R-HSA-5673001	RAF/MAP kinase cascade	1.0	positive
R-HSA-169131	Inhibition of PKR	R-HSA-9925563	Developmental Lineage of Pancreatic Ductal Cells	1.0	positive
R-HSA-169131	Inhibition of PKR	R-HSA-4420097	VEGFA-VEGFR2 Pathway	1.0	positive
R-HSA-169131	Inhibition of PKR	R-HSA-6811438	Intra-Golgi traffic	1.0	positive
R-HSA-169131	Inhibition of PKR	R-HSA-2142789	Ubiquinol biosynthesis	1.0	positive
R-HSA-169131	Inhibition of PKR	R-HSA-9861718	Regulation of pyruvate metabolism	1.0	positive
R-HSA-169131	Inhibition of PKR	R-HSA-3232142	SUMOylation of ubiquitinylation proteins	1.0	positive
R-HSA-169131	Inhibition of PKR	R-HSA-5619111	Defective SLC20A2 causes idiopathic basal ganglia calcification 1 (IBGC1)	1.0	positive
R-HSA-169131	Inhibition of PKR	R-HSA-8851708	Signaling by FGFR2 IIIa TM	1.0	positive
R-HSA-169131	Inhibition of PKR	R-HSA-6804758	Regulation of TP53 Activity through Acetylation	1.0	positive
R-HSA-169131	Inhibition of PKR	R-HSA-5627117	RHO GTPases Activate ROCKs	1.0	positive
R-HSA-169131	Inhibition of PKR	R-HSA-8849471	PTK6 Regulates RHO GTPases, RAS GTPase and MAP kinases	1.0	positive
R-HSA-169131	Inhibition of PKR	R-HSA-9665348	Signaling by ERBB2 ECD mutants	1.0	positive
R-HSA-169131	Inhibition of PKR	R-HSA-5579022	Defective GGT1 causes GLUTH	1.0	positive
R-HSA-169131	Inhibition of PKR	R-HSA-9035968	Defective GGT1 in aflatoxin detoxification causes GLUTH	1.0	positive
R-HSA-169131	Inhibition of PKR	R-HSA-9638630	Attachment of bacteria to epithelial cells	1.0	positive
R-HSA-169131	Inhibition of PKR	R-HSA-9707564	Cytoprotection by HMOX1	1.0	positive
R-HSA-169131	Inhibition of PKR	R-HSA-8951664	Neddylation	1.0	positive
R-HSA-169131	Inhibition of PKR	R-HSA-168276	NS1 Mediated Effects on Host Pathways	1.0	positive
R-HSA-169131	Inhibition of PKR	R-HSA-2219530	Constitutive Signaling by Aberrant PI3K in Cancer	1.0	positive
R-HSA-169131	Inhibition of PKR	R-HSA-9662361	Sensory processing of sound by outer hair cells of the cochlea	1.0	positive
R-HSA-169131	Inhibition of PKR	R-HSA-6798695	Neutrophil degranulation	1.0	positive
R-HSA-169131	Inhibition of PKR	R-HSA-8957275	Post-translational protein phosphorylation	1.0	positive
R-HSA-169131	Inhibition of PKR	R-HSA-170822	Regulation of Glucokinase by Glucokinase Regulatory Protein	1.0	positive
R-HSA-169131	Inhibition of PKR	R-HSA-5619107	Defective TPR may confer susceptibility towards thyroid papillary carcinoma (TPC)	1.0	positive
R-HSA-169131	Inhibition of PKR	R-HSA-68689	CDC6 association with the ORC:origin complex	1.0	positive
R-HSA-169131	Inhibition of PKR	R-HSA-191859	snRNP Assembly	1.0	positive
R-HSA-169131	Inhibition of PKR	R-HSA-5250958	Toxicity of botulinum toxin type B (botB)	1.0	positive
R-HSA-169131	Inhibition of PKR	R-HSA-2424491	DAP12 signaling	1.0	positive
R-HSA-169131	Inhibition of PKR	R-HSA-3000171	Non-integrin membrane-ECM interactions	1.0	positive
R-HSA-169131	Inhibition of PKR	R-HSA-159230	Transport of the SLBP Dependant Mature mRNA	1.0	positive
R-HSA-169131	Inhibition of PKR	R-HSA-381426	Regulation of Insulin-like Growth Factor (IGF) transport and uptake by Insulin-like Growth Factor Binding Proteins (IGFBPs)	1.0	positive
R-HSA-169131	Inhibition of PKR	R-HSA-159740	Gamma-carboxylation of protein precursors	1.0	positive
R-HSA-169131	Inhibition of PKR	R-HSA-3000178	ECM proteoglycans	1.0	positive
R-HSA-169131	Inhibition of PKR	R-HSA-9662360	Sensory processing of sound by inner hair cells of the cochlea	1.0	positive
R-HSA-169131	Inhibition of PKR	R-HSA-176408	Regulation of APC/C activators between G1/S and early anaphase	1.0	positive
R-HSA-169131	Inhibition of PKR	R-HSA-165054	Rev-mediated nuclear export of HIV RNA	1.0	positive
R-HSA-169131	Inhibition of PKR	R-HSA-176412	Phosphorylation of the APC/C	1.0	positive
R-HSA-169131	Inhibition of PKR	R-HSA-6802953	RAS signaling downstream of NF1 loss-of-function variants	1.0	positive
R-HSA-169131	Inhibition of PKR	R-HSA-5637810	Constitutive Signaling by EGFRvIII	1.0	positive
R-HSA-169131	Inhibition of PKR	R-HSA-1181150	Signaling by NODAL	1.0	positive
R-HSA-169131	Inhibition of PKR	R-HSA-9696273	RND1 GTPase cycle	1.0	positive
R-HSA-169131	Inhibition of PKR	R-HSA-2024096	HS-GAG degradation	1.0	positive
R-HSA-169131	Inhibition of PKR	R-HSA-168333	NEP/NS2 Interacts with the Cellular Export Machinery	1.0	positive
R-HSA-169131	Inhibition of PKR	R-HSA-5467333	APC truncation mutants are not K63 polyubiquitinated	1.0	positive
R-HSA-169131	Inhibition of PKR	R-HSA-180910	Vpr-mediated nuclear import of PICs	1.0	positive
R-HSA-169131	Inhibition of PKR	R-HSA-5689603	UCH proteinases	1.0	positive
R-HSA-169131	Inhibition of PKR	R-HSA-159231	Transport of Mature mRNA Derived from an Intronless Transcript	1.0	positive
R-HSA-169131	Inhibition of PKR	R-HSA-159227	Transport of the SLBP independent Mature mRNA	1.0	positive
R-HSA-169131	Inhibition of PKR	R-HSA-168271	Transport of Ribonucleoproteins into the Host Nucleus	1.0	positive
R-HSA-169131	Inhibition of PKR	R-HSA-373760	L1CAM interactions	1.0	positive
R-HSA-169131	Inhibition of PKR	R-HSA-198203	PI3K/AKT activation	-1.0	negative
R-HSA-169131	Inhibition of PKR	R-HSA-1963642	PI3K events in ERBB2 signaling	1.0	positive
R-HSA-169131	Inhibition of PKR	R-HSA-9020702	Interleukin-1 signaling	1.0	positive
R-HSA-169131	Inhibition of PKR	R-HSA-180746	Nuclear import of Rev protein	1.0	positive
R-HSA-169131	Inhibition of PKR	R-HSA-674695	RNA Polymerase II Pre-transcription Events	1.0	positive
R-HSA-169131	Inhibition of PKR	R-HSA-9913351	Formation of the dystrophin-glycoprotein complex (DGC)	1.0	positive
R-HSA-169131	Inhibition of PKR	R-HSA-1221632	Meiotic synapsis	1.0	positive
R-HSA-169131	Inhibition of PKR	R-HSA-168325	Viral Messenger RNA Synthesis	1.0	positive
R-HSA-169131	Inhibition of PKR	R-HSA-5250989	Toxicity of botulinum toxin type G (botG)	1.0	positive
R-HSA-169131	Inhibition of PKR	R-HSA-8849932	Synaptic adhesion-like molecules	1.0	positive
R-HSA-169131	Inhibition of PKR	R-HSA-5654712	FRS-mediated FGFR4 signaling	1.0	positive
R-HSA-169131	Inhibition of PKR	R-HSA-8856825	Cargo recognition for clathrin-mediated endocytosis	1.0	positive
R-HSA-169131	Inhibition of PKR	R-HSA-8852276	The role of GTSE1 in G2/M progression after G2 checkpoint	1.0	positive
R-HSA-169131	Inhibition of PKR	R-HSA-216083	Integrin cell surface interactions	1.0	positive
R-HSA-169131	Inhibition of PKR	R-HSA-9833482	PKR-mediated signaling	1.0	positive
R-HSA-169131	Inhibition of PKR	R-HSA-6805567	Keratinization	1.0	positive
R-HSA-169131	Inhibition of PKR	R-HSA-4570464	SUMOylation of RNA binding proteins	1.0	positive
R-HSA-169131	Inhibition of PKR	R-HSA-3371453	Regulation of HSF1-mediated heat shock response	1.0	positive
R-HSA-169131	Inhibition of PKR	R-HSA-3214858	RMTs methylate histone arginines	1.0	positive
R-HSA-169131	Inhibition of PKR	R-HSA-109704	PI3K Cascade	1.0	positive
R-HSA-169131	Inhibition of PKR	R-HSA-5689901	Metalloprotease DUBs	1.0	positive
R-HSA-169131	Inhibition of PKR	R-HSA-983189	Kinesins	1.0	positive
R-HSA-169131	Inhibition of PKR	R-HSA-9013408	RHOG GTPase cycle	1.0	positive
R-HSA-169131	Inhibition of PKR	R-HSA-2514853	Condensation of Prometaphase Chromosomes	1.0	positive
R-HSA-169131	Inhibition of PKR	R-HSA-5340588	Signaling by RNF43 mutants	1.0	positive
R-HSA-169131	Inhibition of PKR	R-HSA-9031628	NGF-stimulated transcription	1.0	positive
R-HSA-169131	Inhibition of PKR	R-HSA-212436	Generic Transcription Pathway	1.0	positive
R-HSA-169131	Inhibition of PKR	R-HSA-9933947	Formation of the non-canonical BAF (ncBAF) complex	1.0	positive
R-HSA-169131	Inhibition of PKR	R-HSA-1660499	Synthesis of PIPs at the plasma membrane	1.0	positive
R-HSA-169131	Inhibition of PKR	R-HSA-8949613	Cristae formation	1.0	positive
R-HSA-169131	Inhibition of PKR	R-HSA-2682334	EPH-Ephrin signaling	1.0	positive
R-HSA-169131	Inhibition of PKR	R-HSA-9934037	Formation of neuronal progenitor and neuronal BAF (npBAF and nBAF)	1.0	positive
R-HSA-169131	Inhibition of PKR	R-HSA-74259	Purine catabolism	1.0	positive
R-HSA-169131	Inhibition of PKR	R-HSA-9837999	Mitochondrial protein degradation	1.0	positive
R-HSA-169131	Inhibition of PKR	R-HSA-3000157	Laminin interactions	1.0	positive
R-HSA-169131	Inhibition of PKR	R-HSA-5656169	Termination of translesion DNA synthesis	1.0	positive
R-HSA-169131	Inhibition of PKR	R-HSA-9020558	Interleukin-2 signaling	1.0	positive
R-HSA-169131	Inhibition of PKR	R-HSA-196025	Formation of annular gap junctions	1.0	positive
R-HSA-169131	Inhibition of PKR	R-HSA-6804756	Regulation of TP53 Activity through Phosphorylation	1.0	positive
R-HSA-169131	Inhibition of PKR	R-HSA-9828806	Maturation of hRSV A proteins	1.0	positive
R-HSA-169131	Inhibition of PKR	R-HSA-418990	Adherens junctions interactions	1.0	positive
R-HSA-169131	Inhibition of PKR	R-HSA-9664422	FCGR3A-mediated phagocytosis	1.0	positive
R-HSA-169131	Inhibition of PKR	R-HSA-500753	Pyrimidine biosynthesis	1.0	positive
R-HSA-169131	Inhibition of PKR	R-HSA-9918438	Defective visual phototransduction due to RDH5 loss of function	1.0	positive
R-HSA-169131	Inhibition of PKR	R-HSA-1614517	Sulfide oxidation to sulfate	1.0	positive
R-HSA-169131	Inhibition of PKR	R-HSA-888590	GABA synthesis, release, reuptake and degradation	1.0	positive
R-HSA-169131	Inhibition of PKR	R-HSA-3371497	HSP90 chaperone cycle for steroid hormone receptors (SHR) in the presence of ligand	1.0	positive
R-HSA-169131	Inhibition of PKR	R-HSA-70171	Glycolysis	1.0	positive
R-HSA-169131	Inhibition of PKR	R-HSA-190873	Gap junction degradation	1.0	positive
R-HSA-169131	Inhibition of PKR	R-HSA-389661	Glyoxylate metabolism and glycine degradation	1.0	positive
R-HSA-169131	Inhibition of PKR	R-HSA-9629232	Defective Base Excision Repair Associated with NEIL3	-1.0	negative
R-HSA-169131	Inhibition of PKR	R-HSA-9636003	NEIL3-mediated resolution of ICLs	-1.0	negative
R-HSA-169131	Inhibition of PKR	R-HSA-1266695	Interleukin-7 signaling	1.0	positive
R-HSA-169131	Inhibition of PKR	R-HSA-9931512	Phosphorylation of CLOCK, acetylation of BMAL1 (ARNTL) at target gene promoters	-1.0	negative
R-HSA-169131	Inhibition of PKR	R-HSA-983231	Factors involved in megakaryocyte development and platelet production	1.0	positive
R-HSA-169131	Inhibition of PKR	R-HSA-977606	Regulation of Complement cascade	1.0	positive
R-HSA-169131	Inhibition of PKR	R-HSA-8856828	Clathrin-mediated endocytosis	1.0	positive
R-HSA-169131	Inhibition of PKR	R-HSA-72086	mRNA Capping	1.0	positive
R-HSA-169131	Inhibition of PKR	R-HSA-4641258	Degradation of DVL	1.0	positive
R-HSA-169131	Inhibition of PKR	R-HSA-5654720	PI-3K cascade:FGFR4	1.0	positive
R-HSA-169131	Inhibition of PKR	R-HSA-1236978	Cross-presentation of soluble exogenous antigens (endosomes)	1.0	positive
R-HSA-169131	Inhibition of PKR	R-HSA-936837	Ion transport by P-type ATPases	1.0	positive
R-HSA-169131	Inhibition of PKR	R-HSA-210991	Basigin interactions	1.0	positive
R-HSA-169131	Inhibition of PKR	R-HSA-162599	Late Phase of HIV Life Cycle	1.0	positive
R-HSA-169131	Inhibition of PKR	R-HSA-380994	ATF4 activates genes in response to endoplasmic reticulum  stress	1.0	positive
R-HSA-169131	Inhibition of PKR	R-HSA-6782135	Dual incision in TC-NER	1.0	positive
R-HSA-169131	Inhibition of PKR	R-HSA-5655291	Signaling by FGFR4 in disease	1.0	positive
R-HSA-169131	Inhibition of PKR	R-HSA-373080	Class B/2 (Secretin family receptors)	1.0	positive
R-HSA-169131	Inhibition of PKR	R-HSA-418885	DCC mediated attractive signaling	1.0	positive
R-HSA-169131	Inhibition of PKR	R-HSA-112382	Formation of RNA Pol II elongation complex 	1.0	positive
R-HSA-169131	Inhibition of PKR	R-HSA-75955	RNA Polymerase II Transcription Elongation	1.0	positive
R-HSA-169131	Inhibition of PKR	R-HSA-2162123	Synthesis of Prostaglandins (PG) and Thromboxanes (TX)	1.0	positive
R-HSA-169131	Inhibition of PKR	R-HSA-8851680	Butyrophilin (BTN) family interactions	1.0	positive
R-HSA-169131	Inhibition of PKR	R-HSA-8875656	MET receptor recycling	1.0	positive
R-HSA-169131	Inhibition of PKR	R-HSA-9013422	RHOBTB1 GTPase cycle	1.0	positive
R-HSA-169131	Inhibition of PKR	R-HSA-9933939	Formation of the polybromo-BAF (pBAF) complex	1.0	positive
R-HSA-169131	Inhibition of PKR	R-HSA-5619048	Defective SLC11A2 causes hypochromic microcytic anemia, with iron overload 1 (AHMIO1)	-1.0	negative
R-HSA-169131	Inhibition of PKR	R-HSA-9664323	FCGR3A-mediated IL10 synthesis	1.0	positive
R-HSA-169131	Inhibition of PKR	R-HSA-983695	Antigen activates B Cell Receptor (BCR) leading to generation of second messengers	1.0	positive
R-HSA-169131	Inhibition of PKR	R-HSA-8964572	Lipid particle organization	1.0	positive
R-HSA-169131	Inhibition of PKR	R-HSA-8851907	MET activates PI3K/AKT signaling	1.0	positive
R-HSA-169131	Inhibition of PKR	R-HSA-416572	Sema4D induced cell migration and growth-cone collapse	1.0	positive
R-HSA-169131	Inhibition of PKR	R-HSA-4608870	Asymmetric localization of PCP proteins	1.0	positive
R-HSA-169131	Inhibition of PKR	R-HSA-549127	SLC-mediated transport of organic cations	1.0	positive
R-HSA-169131	Inhibition of PKR	R-HSA-9615933	Postmitotic nuclear pore complex (NPC) reformation	1.0	positive
R-HSA-169131	Inhibition of PKR	R-HSA-9679191	Potential therapeutics for SARS	1.0	positive
R-HSA-169131	Inhibition of PKR	R-HSA-1442490	Collagen degradation	1.0	positive
R-HSA-169131	Inhibition of PKR	R-HSA-167152	Formation of HIV elongation complex in the absence of HIV Tat	1.0	positive
R-HSA-169131	Inhibition of PKR	R-HSA-2871809	FCERI mediated Ca+2 mobilization	1.0	positive
R-HSA-169131	Inhibition of PKR	R-HSA-5576892	Phase 0 - rapid depolarisation	1.0	positive
R-HSA-169131	Inhibition of PKR	R-HSA-8865999	MET activates PTPN11	1.0	positive
R-HSA-169131	Inhibition of PKR	R-HSA-9856872	Malate-aspartate shuttle	1.0	positive
R-HSA-169131	Inhibition of PKR	R-HSA-5654710	PI-3K cascade:FGFR3	1.0	positive
R-HSA-169131	Inhibition of PKR	R-HSA-1660661	Sphingolipid de novo biosynthesis	1.0	positive
R-HSA-169131	Inhibition of PKR	R-HSA-6796648	TP53 Regulates Transcription of DNA Repair Genes	1.0	positive
R-HSA-169131	Inhibition of PKR	R-HSA-888568	GABA synthesis	1.0	positive
R-HSA-169131	Inhibition of PKR	R-HSA-9022927	MECP2 regulates transcription of genes involved in GABA signaling	1.0	positive
R-HSA-169131	Inhibition of PKR	R-HSA-442660	SLC-mediated transport of neurotransmitters	1.0	positive
R-HSA-169131	Inhibition of PKR	R-HSA-163125	Post-translational modification: synthesis of GPI-anchored proteins	1.0	positive
R-HSA-169131	Inhibition of PKR	R-HSA-5693548	Sensing of DNA Double Strand Breaks	1.0	positive
R-HSA-169131	Inhibition of PKR	R-HSA-1268020	Mitochondrial protein import	1.0	positive
R-HSA-169131	Inhibition of PKR	R-HSA-264642	Acetylcholine Neurotransmitter Release Cycle	1.0	positive
R-HSA-169131	Inhibition of PKR	R-HSA-5609978	Defective GALT can cause GALCT	1.0	positive
R-HSA-169131	Inhibition of PKR	R-HSA-75035	Chk1/Chk2(Cds1) mediated inactivation of Cyclin B:Cdk1 complex	1.0	positive
R-HSA-169131	Inhibition of PKR	R-HSA-9918443	Defective visual phototransduction due to OPN1SW loss of function	-1.0	negative
R-HSA-169131	Inhibition of PKR	R-HSA-9944997	Loss of Function of KMT2D in MLL4 Complex Formation in Kabuki Syndrome	1.0	positive
R-HSA-169131	Inhibition of PKR	R-HSA-5654695	PI-3K cascade:FGFR2	1.0	positive
R-HSA-169131	Inhibition of PKR	R-HSA-181429	Serotonin Neurotransmitter Release Cycle	1.0	positive
R-HSA-169131	Inhibition of PKR	R-HSA-167246	Tat-mediated elongation of the HIV-1 transcript	1.0	positive
R-HSA-169131	Inhibition of PKR	R-HSA-212676	Dopamine Neurotransmitter Release Cycle	1.0	positive
R-HSA-169131	Inhibition of PKR	R-HSA-167287	HIV elongation arrest and recovery	1.0	positive
R-HSA-169131	Inhibition of PKR	R-HSA-167290	Pausing and recovery of HIV elongation	1.0	positive
